EventID,Region,Region (source),Duration,TimeStep,Original Burst Depth (mm),Area,AspectRatio,Rotation,Burst Start Time,Lat,Long
1,East Coast (South),East Coast (South),720,30,304.244,100,1.5,2.3561945,2282,-34.3375,150.8625
2,East Coast (South),East Coast (South),720,30,277.417,100,1.5,0,1072,-34.3875,150.7875
3,East Coast (South),East Coast (South),720,30,270.677,100,3.6,2.3561945,1700,-34.3875,150.8375
4,East Coast (South),East Coast (South),720,30,247.475,100,3.6,0.7853982,1212,-28.5125,153.3375
5,East Coast (South),East Coast (South),720,30,234.758,100,1.5,1.5707963,1231,-34.2625,150.7875
6,East Coast (South),East Coast (South),720,30,232.798,100,3.6,0.7853982,2638,-28.4125,153.3375
7,East Coast (South),East Coast (South),720,30,226.621,100,1.5,0.7853982,1389,-28.3875,153.1875
8,East Coast (South),East Coast (South),720,30,224.341,100,1.5,1.5707963,1190,-33.8375,151.2375
9,East Coast (South),East Coast (South),720,30,221.553,100,1.5,1.5707963,1311,-34.5625,150.5875
10,East Coast (South),East Coast (South),720,30,204.572,100,1.5,0,1767,-33.4125,151.3125
11,East Coast (South),East Coast (South),720,30,373.367,200,2.3,0.7853982,3120,-28.2125,153.4875
12,East Coast (South),East Coast (South),720,30,271.643,200,2.3,2.3561945,2282,-34.3375,150.8625
13,East Coast (South),East Coast (South),720,30,258.782,200,3.6,2.3561945,1701,-34.4375,150.7875
14,East Coast (South),East Coast (South),720,30,240.171,200,2.3,2.3561945,471,-28.2875,153.2125
15,East Coast (South),East Coast (South),720,30,236.269,200,2.3,0,1212,-28.5125,153.3875
16,East Coast (South),East Coast (South),720,30,231.294,200,2.3,0.7853982,2638,-28.3875,153.3375
17,East Coast (South),East Coast (South),720,30,224.413,200,1.5,0,628,-28.2375,153.2875
18,East Coast (South),East Coast (South),720,30,223.219,200,2.3,2.3561945,2441,-34.3125,150.8375
19,East Coast (South),East Coast (South),720,30,217.254,200,2.3,2.3561945,1071,-34.3375,150.8125
20,East Coast (South),East Coast (South),720,30,214.485,200,2.3,1.5707963,1190,-33.8375,151.1875
21,East Coast (South),East Coast (South),720,30,351.02,500,2.3,0,3120,-28.3125,153.5125
22,East Coast (South),East Coast (South),720,30,226.702,500,2.3,2.3561945,1701,-34.4125,150.7875
23,East Coast (South),East Coast (South),720,30,225.266,500,2.3,0.7853982,2637,-28.4125,153.4125
24,East Coast (South),East Coast (South),720,30,218.024,500,2.3,0.7853982,443,-28.2625,153.2875
25,East Coast (South),East Coast (South),720,30,214.825,500,2.3,2.3561945,628,-28.2625,153.2875
26,East Coast (South),East Coast (South),720,30,213.185,500,1.5,0,2282,-34.3375,150.8375
27,East Coast (South),East Coast (South),720,30,207.875,500,2.3,0,1212,-28.4875,153.3875
28,East Coast (South),East Coast (South),720,30,193.224,500,3.6,2.3561945,1311,-34.4125,150.7125
29,East Coast (South),East Coast (South),720,30,187.712,500,2.3,2.3561945,1208,-28.4125,153.4625
30,East Coast (South),East Coast (South),720,30,187.371,500,2.3,2.3561945,2442,-34.3375,150.7875
31,East Coast (South),East Coast (South),720,30,317.93,1000,2.3,0,3119,-28.3875,153.5125
32,East Coast (South),East Coast (South),720,30,236,1000,2.3,2.3561945,473,-28.7875,153.3625
33,East Coast (South),East Coast (South),720,30,217.2,1000,2.3,0,131,-28.2875,153.2625
34,East Coast (South),East Coast (South),720,30,197.95,1000,1.5,2.3561945,2638,-28.3875,153.4125
35,East Coast (South),East Coast (South),720,30,174.63,1000,3.6,0.7853982,1311,-34.4875,150.6125
36,East Coast (South),East Coast (South),720,30,175.36,1000,2.3,2.3561945,1447,-28.2875,153.3125
37,East Coast (South),East Coast (South),720,30,167.98,1000,2.3,0,1213,-28.3875,153.4125
38,East Coast (South),East Coast (South),720,30,172.53,1000,2.3,0.7853982,287,-28.3375,153.1625
39,East Coast (South),East Coast (South),720,30,163.4,1000,3.6,2.3561945,181,-34.5375,150.4125
40,East Coast (South),East Coast (South),720,30,161.54,1000,3.6,2.3561945,559,-34.4875,150.4125
41,East Coast (South),East Coast (South),720,30,237.88,2500,2.3,0.7853982,2066,-30.5875,152.8125
42,East Coast (South),East Coast (South),720,30,234.69,2500,2.3,0,3119,-28.4375,153.4625
43,East Coast (South),East Coast (South),720,30,207.01,2500,2.3,0,473,-28.8375,153.3125
44,East Coast (South),East Coast (South),720,30,206.75,2500,1.5,0,1929,-28.6875,153.4125
45,East Coast (South),East Coast (South),720,30,172.71,2500,2.3,0,2638,-28.5375,153.4625
46,East Coast (South),East Coast (South),720,30,158.54,2500,1.5,0.7853982,564,-34.5875,150.4625
47,East Coast (South),East Coast (South),720,30,149.4,2500,1.5,1.5707963,772,-31.8875,152.2125
48,East Coast (South),East Coast (South),720,30,143.86,2500,3.6,0,3506,-30.4375,152.7625
49,East Coast (South),East Coast (South),720,30,141.88,2500,1.5,1.5707963,2688,-30.0875,152.5125
50,East Coast (South),East Coast (South),720,30,140.11,2500,1.5,0,2966,-28.5875,153.2125
51,East Coast (South),East Coast (South),720,30,184.75,5000,3.6,0,3118,-28.2875,153.4125
52,East Coast (South),East Coast (South),720,30,178.04,5000,3.6,0,473,-28.9875,153.2125
53,East Coast (South),East Coast (South),720,30,167.7,5000,1.5,0.7853982,2067,-30.6875,152.6125
54,East Coast (South),East Coast (South),720,30,157.44,5000,3.6,0,627,-28.2875,153.3125
55,East Coast (South),East Coast (South),720,30,147.05,5000,1.5,0.7853982,633,-28.9875,153.2125
56,East Coast (South),East Coast (South),720,30,147.09,5000,3.6,0,1928,-28.6875,153.4125
57,East Coast (South),East Coast (South),720,30,147.03,5000,1.5,1.5707963,3314,-32.3875,151.9125
58,East Coast (South),East Coast (South),720,30,145.95,5000,2.3,0,2639,-28.6875,153.3125
59,East Coast (South),East Coast (South),720,30,144.79,5000,3.6,0,3510,-30.1875,153.0125
60,East Coast (South),East Coast (South),720,30,139.95,5000,1.5,0,180,-34.5875,150.5125
61,East Coast (South),East Coast (South),720,30,152.09,10000,2.3,0,473,-29.0875,153.2125
62,East Coast (South),East Coast (South),720,30,134.78,10000,2.3,0.7853982,2067,-30.6875,152.6125
63,East Coast (South),East Coast (South),720,30,139.84,10000,2.3,0,3118,-28.3875,153.3125
64,East Coast (South),East Coast (South),720,30,127.91,10000,3.6,0,627,-28.5875,153.2125
65,East Coast (South),East Coast (South),720,30,123.49,10000,1.5,0,558,-34.2875,150.4125
66,East Coast (South),East Coast (South),720,30,122.6,10000,1.5,0.7853982,771,-31.8875,152.2125
67,East Coast (South),East Coast (South),720,30,117.37,10000,2.3,0.7853982,3508,-30.7875,152.5125
68,East Coast (South),East Coast (South),720,30,117.97,10000,2.3,1.5707963,3314,-32.2875,151.7125
69,East Coast (South),East Coast (South),720,30,122.24,10000,2.3,0.7853982,633,-29.1875,153.1125
70,East Coast (South),East Coast (South),720,30,111.65,10000,1.5,1.5707963,2639,-28.5875,152.9125
71,East Coast (South),East Coast (South),720,30,108.26,20000,2.3,0,474,-29.6125,152.8875
72,East Coast (South),East Coast (South),720,30,88.82,20000,1.5,0.7853982,562,-34.4875,150.2625
73,East Coast (South),East Coast (South),720,30,88.45,20000,2.3,1.5707963,182,-34.7375,149.6375
74,East Coast (South),East Coast (South),720,30,79.19,20000,1.5,0,781,-34.3625,150.1375
75,East Coast (South),East Coast (South),720,30,78.85,20000,1.5,1.5707963,3400,-28.4875,152.5125
76,East Coast (South),East Coast (South),720,30,77.88,20000,1.5,0,3114,-28.8625,153.0125
77,East Coast (South),East Coast (South),720,30,77.15,20000,1.5,0,2636,-28.9875,153.0125
78,East Coast (South),East Coast (South),720,30,75.24,20000,3.6,1.5707963,3313,-32.3625,151.1375
79,East Coast (South),East Coast (South),720,30,73.81,20000,2.3,1.5707963,3507,-30.8625,152.0125
80,East Coast (South),East Coast (South),720,30,67.1,20000,1.5,0,1967,-34.3625,150.3875
81,East Coast (South),East Coast (South),720,30,79.64,40000,1.5,1.5707963,182,-34.6125,149.5125
82,East Coast (South),East Coast (South),720,30,62.16,40000,3.6,0.7853982,779,-32.9875,151.1375
83,East Coast (South),East Coast (South),720,30,63.45,40000,2.3,0,562,-34.4875,150.2625
84,East Coast (South),East Coast (South),720,30,49,40000,1.5,0.7853982,1313,-34.4875,150.1375
85,East Coast (South),East Coast (South),720,30,52.1,40000,3.6,1.5707963,3315,-32.3625,150.5125
86,East Coast (South),East Coast (South),720,30,48.57,40000,1.5,0.7853982,1033,-34.4875,150.0125
87,East Coast (South),East Coast (North),720,30,86.77,40000,1.5,2.3561945,1984,-25.2375,151.6375
88,East Coast (South),East Coast (North),720,30,79.37,40000,1.5,0,2966,-27.8625,152.7625
89,East Coast (South),East Coast (North),720,30,73.27,40000,1.5,0,1737,-26.8625,152.3875
90,East Coast (South),East Coast (North),720,30,71.13,40000,1.5,2.3561945,1977,-26.4875,152.1375
91,East Coast (South),East Coast (South),1080,60,360.909,100,3.6,2.3561945,1701,-34.4375,150.7875
92,East Coast (South),East Coast (South),1080,60,348.666,100,1.5,0,1070,-34.3875,150.7875
93,East Coast (South),East Coast (South),1080,60,297.853,100,3.6,0.7853982,1211,-28.5125,153.3375
94,East Coast (South),East Coast (South),1080,60,293.528,100,1.5,1.5707963,1230,-34.2625,150.7625
95,East Coast (South),East Coast (South),1080,60,293.316,100,1.5,1.5707963,1187,-33.8625,151.2125
96,East Coast (South),East Coast (South),1080,60,290.287,100,3.6,0.7853982,2633,-28.3875,153.3375
97,East Coast (South),East Coast (South),1080,60,262.794,100,1.5,2.3561945,1762,-34.3625,150.8125
98,East Coast (South),East Coast (South),1080,60,258.374,100,1.5,0,1311,-34.5625,150.5875
99,East Coast (South),East Coast (South),1080,60,247.443,100,1.5,2.3561945,3114,-28.5375,153.3375
100,East Coast (South),East Coast (South),1080,60,237.602,100,1.5,1.5707963,1205,-28.5125,153.3375
101,East Coast (South),East Coast (South),1080,60,379.087,200,2.3,2.3561945,1701,-34.4625,150.7375
102,East Coast (South),East Coast (South),1080,60,347.408,200,2.3,0,468,-28.5875,153.2375
103,East Coast (South),East Coast (South),1080,60,290.033,200,2.3,0,1211,-28.5125,153.3875
104,East Coast (South),East Coast (South),1080,60,289.996,200,2.3,0.7853982,2633,-28.3375,153.3125
105,East Coast (South),East Coast (South),1080,60,288.226,200,2.3,0,441,-28.3375,153.2875
106,East Coast (South),East Coast (South),1080,60,283.512,200,2.3,1.5707963,1186,-33.8375,151.1875
107,East Coast (South),East Coast (South),1080,60,280.967,200,2.3,2.3561945,1070,-34.3375,150.8125
108,East Coast (South),East Coast (South),1080,60,276.93,200,2.3,2.3561945,2434,-34.3125,150.8125
109,East Coast (South),East Coast (South),1080,60,267.862,200,1.5,0,625,-28.2375,153.2875
110,East Coast (South),East Coast (South),1080,60,262.997,200,1.5,1.5707963,1230,-34.2625,150.7625
111,East Coast (South),East Coast (South),1080,60,330.395,500,1.5,1.5707963,1701,-34.5375,150.6375
112,East Coast (South),East Coast (South),1080,60,312.306,500,2.3,2.3561945,129,-28.2625,153.1875
113,East Coast (South),East Coast (South),1080,60,305.505,500,2.3,0.7853982,440,-28.2625,153.2875
114,East Coast (South),East Coast (South),1080,60,281.91,500,2.3,0.7853982,2633,-28.3375,153.3375
115,East Coast (South),East Coast (South),1080,60,256.821,500,2.3,2.3561945,625,-28.2625,153.3125
116,East Coast (South),East Coast (South),1080,60,256.768,500,2.3,0,1211,-28.4875,153.3875
117,East Coast (South),East Coast (South),1080,60,242.929,500,1.5,1.5707963,1186,-33.8625,151.1625
118,East Coast (South),East Coast (South),1080,60,237.066,500,2.3,2.3561945,2435,-34.3375,150.7875
119,East Coast (South),East Coast (South),1080,60,234.613,500,1.5,2.3561945,1230,-34.2875,150.7375
120,East Coast (South),East Coast (South),1080,60,233.118,500,2.3,2.3561945,1206,-28.4375,153.4375
121,East Coast (South),East Coast (South),1080,60,314.03,1000,1.5,2.3561945,468,-28.5875,153.2125
122,East Coast (South),East Coast (South),1080,60,259.12,1000,1.5,2.3561945,2632,-28.3375,153.3625
123,East Coast (South),East Coast (South),1080,60,225.76,1000,3.6,2.3561945,560,-34.4875,150.4125
124,East Coast (South),East Coast (South),1080,60,219.24,1000,2.3,0,308,-28.2875,153.2625
125,East Coast (South),East Coast (South),1080,60,214.01,1000,3.6,0,536,-34.3875,150.8125
126,East Coast (South),East Coast (South),1080,60,208.22,1000,3.6,2.3561945,1701,-34.4875,150.5625
127,East Coast (South),East Coast (South),1080,60,209.41,1000,1.5,0.7853982,1210,-28.3875,153.4125
128,East Coast (South),East Coast (South),1080,60,206.37,1000,2.3,0,745,-28.3375,153.4125
129,East Coast (South),East Coast (South),1080,60,211.64,1000,2.3,2.3561945,121,-28.3375,153.3625
130,East Coast (South),East Coast (South),1080,60,203.06,1000,2.3,1.5707963,2962,-28.3375,153.3625
131,East Coast (South),East Coast (South),1080,60,310.17,2500,2.3,0,3115,-28.5375,153.4625
132,East Coast (South),East Coast (South),1080,60,298.33,2500,1.5,2.3561945,470,-28.7375,153.2625
133,East Coast (South),East Coast (South),1080,60,224.12,2500,1.5,0.7853982,3190,-28.7875,153.3625
134,East Coast (South),East Coast (South),1080,60,209.27,2500,2.3,0.7853982,3505,-30.5875,152.8125
135,East Coast (South),East Coast (South),1080,60,195.61,2500,1.5,0,536,-34.4375,150.7625
136,East Coast (South),East Coast (South),1080,60,191.26,2500,2.3,1.5707963,767,-31.6875,152.2625
137,East Coast (South),East Coast (South),1080,60,191.61,2500,2.3,2.3561945,556,-34.3875,150.4125
138,East Coast (South),East Coast (South),1080,60,188.38,2500,3.6,0,2630,-28.5875,153.2125
139,East Coast (South),East Coast (South),1080,60,185.42,2500,1.5,2.3561945,1702,-34.4875,150.5625
140,East Coast (South),East Coast (South),1080,60,180.97,2500,3.6,1.5707963,1189,-33.7875,150.7625
141,East Coast (South),East Coast (South),1080,60,256.02,5000,3.6,0,470,-28.8875,153.2125
142,East Coast (South),East Coast (South),1080,60,242.7,5000,3.6,0,3115,-28.3875,153.4125
143,East Coast (South),East Coast (South),1080,60,195.63,5000,2.3,0.7853982,633,-29.0875,153.2125
144,East Coast (South),East Coast (South),1080,60,189.53,5000,3.6,0,558,-34.3875,150.4125
145,East Coast (South),East Coast (South),1080,60,184.97,5000,1.5,0,179,-34.5875,150.5125
146,East Coast (South),East Coast (South),1080,60,181.12,5000,1.5,2.3561945,2636,-28.5875,153.2125
147,East Coast (South),East Coast (South),1080,60,177.9,5000,2.3,0,621,-28.3875,153.2125
148,East Coast (South),East Coast (South),1080,60,174.14,5000,1.5,0.7853982,771,-31.8875,152.1125
149,East Coast (South),East Coast (South),1080,60,173.24,5000,3.6,0.7853982,3504,-30.7875,152.6125
150,East Coast (South),East Coast (South),1080,60,160.57,5000,1.5,1.5707963,1189,-33.7875,150.8125
151,East Coast (South),East Coast (South),1080,60,210.82,10000,3.6,0,470,-29.1875,153.1125
152,East Coast (South),East Coast (South),1080,60,193.38,10000,2.3,0,3115,-28.4875,153.3125
153,East Coast (South),East Coast (South),1080,60,174.94,10000,2.3,0,558,-34.3875,150.4125
154,East Coast (South),East Coast (South),1080,60,161.41,10000,2.3,0.7853982,2065,-30.7875,152.5125
155,East Coast (South),East Coast (South),1080,60,163.14,10000,3.6,0,623,-28.6875,153.1125
156,East Coast (South),East Coast (South),1080,60,158.88,10000,1.5,0.7853982,771,-31.8875,152.1125
157,East Coast (South),East Coast (South),1080,60,154.91,10000,2.3,0.7853982,3505,-30.7875,152.5125
158,East Coast (South),East Coast (South),1080,60,158.5,10000,2.3,0.7853982,633,-29.1875,153.1125
159,East Coast (South),East Coast (South),1080,60,138.49,10000,1.5,0.7853982,177,-34.1875,150.6125
160,East Coast (South),East Coast (South),1080,60,130.28,10000,1.5,1.5707963,1189,-33.8875,150.6125
161,East Coast (South),East Coast (South),1080,60,156.3,20000,2.3,0,470,-28.9875,153.0125
162,East Coast (South),East Coast (South),1080,60,119.69,20000,1.5,0.7853982,559,-34.4875,150.2625
163,East Coast (South),East Coast (South),1080,60,111.55,20000,2.3,0.7853982,771,-31.9875,152.0125
164,East Coast (South),East Coast (South),1080,60,111.25,20000,1.5,0,3114,-28.7375,153.0125
165,East Coast (South),East Coast (South),1080,60,109.75,20000,2.3,0,3505,-30.7375,152.6375
166,East Coast (South),East Coast (South),1080,60,106.24,20000,1.5,0,179,-34.3625,150.2625
167,East Coast (South),East Coast (South),1080,60,104.71,20000,2.3,0,2038,-29.6125,152.7625
168,East Coast (South),East Coast (South),1080,60,97.15,20000,3.6,0,1744,-28.8625,153.0125
169,East Coast (South),East Coast (South),1080,60,94.12,20000,1.5,0,2632,-28.8625,153.0125
170,East Coast (South),East Coast (South),1080,60,93.27,20000,3.6,0.7853982,669,-33.2375,151.1375
171,East Coast (South),East Coast (South),1080,60,90.88,40000,3.6,0.7853982,774,-32.9875,151.1375
172,East Coast (South),East Coast (South),1080,60,88.39,40000,3.6,0,438,-29.2375,152.8875
173,East Coast (South),East Coast (South),1080,60,69.04,40000,3.6,2.3561945,2038,-28.6125,152.0125
174,East Coast (South),East Coast (South),1080,60,69.06,40000,1.5,0,1964,-34.3625,150.2625
175,East Coast (South),East Coast (South),1080,60,65.98,40000,1.5,2.3561945,2689,-29.8625,152.0125
176,East Coast (South),East Coast (South),1080,60,67.27,40000,1.5,1.5707963,3399,-28.4875,152.2625
177,East Coast (South),East Coast (South),1080,60,61.98,40000,1.5,0.7853982,1310,-34.2375,150.2625
178,East Coast (South),East Coast (South),1080,60,62.04,40000,1.5,2.3561945,2801,-31.7375,151.3875
179,East Coast (South),East Coast (South),1080,60,64.78,40000,1.5,0,2256,-34.3625,150.2625
180,East Coast (South),East Coast (South),1080,60,64.64,40000,1.5,0,1524,-34.3625,150.1375
181,East Coast (South),East Coast (South),1440,60,405.212,100,3.6,2.3561945,1695,-34.4375,150.7875
182,East Coast (South),East Coast (South),1440,60,337.124,100,1.5,2.3561945,1761,-34.3625,150.8125
183,East Coast (South),East Coast (South),1440,60,327.451,100,3.6,0.7853982,2625,-28.3875,153.3375
184,East Coast (South),East Coast (South),1440,60,321.786,100,1.5,2.3561945,3107,-28.5375,153.3375
185,East Coast (South),East Coast (South),1440,60,302.016,100,1.5,0,1311,-34.5625,150.5875
186,East Coast (South),East Coast (South),1440,60,270.51,100,1.5,1.5707963,1202,-28.5125,153.3375
187,East Coast (South),East Coast (South),1440,60,265.673,100,1.5,2.3561945,1024,-34.5625,150.6125
188,East Coast (South),East Coast (South),1440,60,252.677,100,1.5,1.5707963,3316,-33.3125,151.2625
189,East Coast (South),East Coast (South),1440,60,247.699,100,1.5,1.5707963,3349,-30.2875,153.0125
190,East Coast (South),East Coast (South),1440,60,243.33,100,1.5,1.5707963,1444,-33.3625,151.3625
191,East Coast (South),East Coast (South),1440,60,418.89,200,2.3,2.3561945,1696,-34.4625,150.7375
192,East Coast (South),East Coast (South),1440,60,394.68,200,2.3,0.7853982,466,-28.5875,153.2375
193,East Coast (South),East Coast (South),1440,60,344.677,200,2.3,0,436,-28.3375,153.2875
194,East Coast (South),East Coast (South),1440,60,333.278,200,2.3,0,2629,-28.2875,153.2875
195,East Coast (South),East Coast (South),1440,60,304.468,200,2.3,2.3561945,1761,-34.3375,150.8125
196,East Coast (South),East Coast (South),1440,60,288.59,200,1.5,0,1311,-34.5375,150.5875
197,East Coast (South),East Coast (South),1440,60,259.612,200,1.5,0,1760,-33.4375,151.2875
198,East Coast (South),East Coast (South),1440,60,256.528,200,2.3,0,361,-28.2375,153.2875
199,East Coast (South),East Coast (South),1440,60,243.46,200,2.3,0,3316,-33.2625,151.2625
200,East Coast (South),East Coast (South),1440,60,230.186,200,2.3,0.7853982,1024,-34.5375,150.5375
201,East Coast (South),East Coast (South),1440,60,371.338,500,1.5,0.7853982,434,-28.2625,153.2625
202,East Coast (South),East Coast (South),1440,60,364.856,500,1.5,1.5707963,1697,-34.5375,150.6375
203,East Coast (South),East Coast (South),1440,60,354.105,500,2.3,2.3561945,125,-28.2625,153.1875
204,East Coast (South),East Coast (South),1440,60,320.195,500,2.3,0.7853982,2625,-28.3375,153.3375
205,East Coast (South),East Coast (South),1440,60,275.839,500,2.3,0,746,-28.3375,153.3875
206,East Coast (South),East Coast (South),1440,60,274.819,500,3.6,2.3561945,2683,-30.3125,152.5125
207,East Coast (South),East Coast (South),1440,60,270.601,500,3.6,2.3561945,1310,-34.4125,150.6875
208,East Coast (South),East Coast (South),1440,60,267.169,500,1.5,1.5707963,1180,-33.8625,151.1625
209,East Coast (South),East Coast (South),1440,60,262.381,500,2.3,2.3561945,1203,-28.4375,153.4375
210,East Coast (South),East Coast (South),1440,60,257.281,500,2.3,0,485,-28.7125,153.4625
211,East Coast (South),East Coast (South),1440,60,423.95,1000,2.3,2.356194,465,-28.7875,153.3625
212,East Coast (South),East Coast (South),1440,60,320.44,1000,2.3,0,119,-28.2875,153.2625
213,East Coast (South),East Coast (South),1440,60,290.65,1000,1.5,2.356194,2624,-28.3375,153.3625
214,East Coast (South),East Coast (South),1440,60,262.42,1000,3.6,2.356194,556,-34.4875,150.4125
215,East Coast (South),East Coast (South),1440,60,252.92,1000,2.3,0,746,-28.3375,153.4125
216,East Coast (South),East Coast (South),1440,60,255.66,1000,2.3,2.356194,2685,-30.3375,152.3625
217,East Coast (South),East Coast (South),1440,60,247.45,1000,2.3,0,484,-28.7375,153.4625
218,East Coast (South),East Coast (South),1440,60,241.64,1000,3.6,2.356194,1697,-34.4875,150.5625
219,East Coast (South),East Coast (South),1440,60,243.09,1000,3.6,0,1204,-28.6875,153.4125
220,East Coast (South),East Coast (South),1440,60,226.59,1000,1.5,1.570796,1184,-33.7375,150.3625
221,East Coast (South),East Coast (South),1440,60,373.88,2500,2.3,0,3109,-28.5375,153.4625
222,East Coast (South),East Coast (South),1440,60,371.77,2500,1.5,2.3561945,465,-28.7375,153.2625
223,East Coast (South),East Coast (South),1440,60,256.73,2500,1.5,2.3561945,556,-34.4375,150.4625
224,East Coast (South),East Coast (South),1440,60,248.35,2500,1.5,0.7853982,2634,-28.4375,153.2125
225,East Coast (South),East Coast (South),1440,60,247.32,2500,1.5,0.7853982,3188,-28.7875,153.3625
226,East Coast (South),East Coast (South),1440,60,241.28,2500,1.5,0,3503,-30.5375,152.8625
227,East Coast (South),East Coast (South),1440,60,221.44,2500,2.3,2.3561945,2684,-30.3375,152.3625
228,East Coast (South),East Coast (South),1440,60,220.23,2500,1.5,2.3561945,1697,-34.4875,150.5625
229,East Coast (South),East Coast (South),1440,60,213.49,2500,2.3,0,1204,-28.7875,153.3625
230,East Coast (South),East Coast (South),1440,60,211.16,2500,2.3,0.7853982,1186,-34.0875,150.9125
231,East Coast (South),East Coast (South),1440,60,312.39,5000,3.6,0,466,-28.9875,153.2125
232,East Coast (South),East Coast (South),1440,60,267.92,5000,3.6,0,3113,-28.3875,153.4125
233,East Coast (South),East Coast (South),1440,60,234.42,5000,1.5,0,2064,-30.5875,152.8125
234,East Coast (South),East Coast (South),1440,60,228.77,5000,2.3,0.7853982,632,-29.0875,153.2125
235,East Coast (South),East Coast (South),1440,60,216.95,5000,1.5,0.7853982,2684,-30.2875,152.4125
236,East Coast (South),East Coast (South),1440,60,215.67,5000,2.3,0,621,-28.3875,153.2125
237,East Coast (South),East Coast (South),1440,60,211.98,5000,3.6,0,552,-34.3875,150.4125
238,East Coast (South),East Coast (South),1440,60,204.54,5000,2.3,0.7853982,766,-31.8875,152.1125
239,East Coast (South),East Coast (South),1440,60,193.71,5000,3.6,2.3561945,1739,-28.3875,153.0125
240,East Coast (South),East Coast (South),1440,60,207.46,5000,1.5,2.3561945,2636,-28.5875,153.2125
241,East Coast (South),East Coast (South),1440,60,270.2,10000,2.3,0,466,-29.0875,153.2125
242,East Coast (South),East Coast (South),1440,60,213.79,10000,2.3,0,555,-34.3875,150.4125
243,East Coast (South),East Coast (South),1440,60,195.21,10000,2.3,0,10,-29.7875,152.6125
244,East Coast (South),East Coast (South),1440,60,190,10000,1.5,0.7853982,771,-31.8875,152.1125
245,East Coast (South),East Coast (South),1440,60,182.86,10000,3.6,0,621,-28.6875,153.1125
246,East Coast (South),East Coast (South),1440,60,187.71,10000,2.3,0.7853982,632,-29.1875,153.1125
247,East Coast (South),East Coast (South),1440,60,186.09,10000,2.3,0.7853982,3108,-28.8875,153.1125
248,East Coast (South),East Coast (South),1440,60,167.28,10000,2.3,0.7853982,2686,-30.2875,152.4125
249,East Coast (South),East Coast (South),1440,60,167.65,10000,2.3,0.7853982,3314,-32.6875,151.6125
250,East Coast (South),East Coast (South),1440,60,157.08,10000,2.3,0,2039,-29.6875,152.9125
251,East Coast (South),East Coast (South),1440,60,192.12,20000,3.6,0,470,-28.9875,153.0125
252,East Coast (South),East Coast (South),1440,60,144.88,20000,1.5,0.7853982,554,-34.4875,150.2625
253,East Coast (South),East Coast (South),1440,60,132.53,20000,3.6,0,1739,-28.7375,153.0125
254,East Coast (South),East Coast (South),1440,60,129.99,20000,1.5,0.7853982,781,-34.6125,150.0125
255,East Coast (South),East Coast (South),1440,60,128.16,20000,2.3,0,3105,-28.8625,153.0125
256,East Coast (South),East Coast (South),1440,60,123.68,20000,2.3,0,2036,-29.6125,152.7625
257,East Coast (South),East Coast (South),1440,60,116.79,20000,2.3,0,2683,-29.4875,152.6375
258,East Coast (South),East Coast (South),1440,60,111.83,20000,2.3,0.7853982,3315,-32.3625,151.7625
259,East Coast (South),East Coast (South),1440,60,106.22,20000,2.3,0,3397,-28.8625,152.8875
260,East Coast (South),East Coast (South),1440,60,106.05,20000,2.3,0,1201,-28.8625,153.0125
261,East Coast (South),East Coast (South),1440,60,118.07,40000,3.6,0.7853982,773,-32.9875,151.1375
262,East Coast (South),East Coast (South),1440,60,102.85,40000,2.3,0,554,-34.1125,150.3875
263,East Coast (South),East Coast (South),1440,60,85.05,40000,3.6,2.3561945,2034,-28.6125,152.0125
264,East Coast (South),East Coast (South),1440,60,82.25,40000,1.5,0,1522,-34.3625,150.1375
265,East Coast (South),East Coast (South),1440,60,79.65,40000,1.5,2.3561945,3315,-32.2375,150.8875
266,East Coast (South),East Coast (South),1440,60,77.85,40000,1.5,0.7853982,1188,-34.2375,150.3875
267,East Coast (South),East Coast (South),1440,60,76.94,40000,1.5,2.3561945,2153,-34.7375,149.6375
268,East Coast (South),East Coast (South),1440,60,74.22,40000,1.5,0.7853982,1310,-34.2375,150.2625
269,East Coast (South),East Coast (South),1440,60,73.62,40000,1.5,2.3561945,2801,-31.7375,151.3875
270,East Coast (South),East Coast (South),1440,60,76.79,40000,1.5,1.5707963,2687,-30.2375,152.0125
271,East Coast (South),East Coast (South),2160,120,424.649,100,1.5,2.356194,1758,-34.3625,150.8125
272,East Coast (South),East Coast (South),2160,120,404.405,100,3.6,2.356194,2631,-28.3875,153.2375
273,East Coast (South),East Coast (South),2160,120,401.994,100,1.5,2.356194,3104,-28.5375,153.3375
274,East Coast (South),East Coast (South),2160,120,394.658,100,3.6,2.356194,1182,-34.2125,150.8125
275,East Coast (South),East Coast (South),2160,120,326.816,100,3.6,2.356194,3502,-30.4375,152.9375
276,East Coast (South),East Coast (South),2160,120,324.636,100,3.6,0,2678,-30.3625,152.7125
277,East Coast (South),East Coast (South),2160,120,321.161,100,1.5,1.570796,1199,-28.5125,153.3375
278,East Coast (South),East Coast (South),2160,120,311.58,100,1.5,1.570796,2745,-30.2625,153.0875
279,East Coast (South),East Coast (South),2160,120,305.232,100,1.5,1.570796,3312,-33.3125,151.2625
280,East Coast (South),East Coast (South),2160,120,297.155,100,3.6,2.356194,3395,-28.4125,153.1875
281,East Coast (South),East Coast (South),2160,120,472.292,200,2.3,0,427,-28.3375,153.2625
282,East Coast (South),East Coast (South),2160,120,471.192,200,2.3,0.7853982,464,-28.5875,153.2375
283,East Coast (South),East Coast (South),2160,120,395.268,200,2.3,0.7853982,740,-28.2625,153.3375
284,East Coast (South),East Coast (South),2160,120,388.035,200,2.3,2.3561945,1758,-34.3375,150.8125
285,East Coast (South),East Coast (South),2160,120,386.23,200,2.3,2.3561945,1182,-34.2125,150.7875
286,East Coast (South),East Coast (South),2160,120,377.923,200,3.6,0,310,-28.3375,153.2875
287,East Coast (South),East Coast (South),2160,120,325.301,200,1.5,0,1755,-33.4375,151.2875
288,East Coast (South),East Coast (South),2160,120,325.155,200,2.3,2.3561945,1446,-32.8875,151.7625
289,East Coast (South),East Coast (South),2160,120,324.405,200,2.3,0,358,-28.2375,153.2875
290,East Coast (South),East Coast (South),2160,120,322.627,200,2.3,0,1200,-28.5125,153.3875
291,East Coast (South),East Coast (South),2160,120,507.396,500,1.5,0.7853982,427,-28.2625,153.2625
292,East Coast (South),East Coast (South),2160,120,432.385,500,1.5,0.7853982,1688,-34.5375,150.6375
293,East Coast (South),East Coast (South),2160,120,414.759,500,1.5,0,2630,-28.2875,153.2625
294,East Coast (South),East Coast (South),2160,120,383.227,500,2.3,0,310,-28.2625,153.2625
295,East Coast (South),East Coast (South),2160,120,365.021,500,2.3,0.7853982,740,-28.2625,153.3625
296,East Coast (South),East Coast (South),2160,120,353.955,500,2.3,2.3561945,1182,-34.2375,150.7625
297,East Coast (South),East Coast (South),2160,120,317.785,500,2.3,2.3561945,1758,-34.3375,150.7875
298,East Coast (South),East Coast (South),2160,120,293.284,500,1.5,2.3561945,1755,-33.4625,151.2625
299,East Coast (South),East Coast (South),2160,120,285.638,500,2.3,2.3561945,3396,-28.4125,153.1625
300,East Coast (South),East Coast (South),2160,120,284.645,500,2.3,0,1513,-34.5625,150.6125
301,East Coast (South),East Coast (South),2160,120,379.96,1000,1.5,2.3561945,2630,-28.2875,153.2625
302,East Coast (South),East Coast (South),2160,120,351.84,1000,2.3,2.3561945,1686,-34.4875,150.5625
303,East Coast (South),East Coast (South),2160,120,341.41,1000,1.5,1.5707963,2679,-30.2875,152.5125
304,East Coast (South),East Coast (South),2160,120,340.42,1000,2.3,0.7853982,740,-28.3375,153.1625
305,East Coast (South),East Coast (South),2160,120,313.72,1000,3.6,2.3561945,553,-34.4875,150.4125
306,East Coast (South),East Coast (South),2160,120,314.64,1000,2.3,2.3561945,309,-28.2875,153.2625
307,East Coast (South),East Coast (South),2160,120,300.63,1000,2.3,1.5707963,1180,-33.7375,150.4125
308,East Coast (South),East Coast (South),2160,120,270.2,1000,1.5,0.7853982,3396,-28.3875,153.1625
309,East Coast (South),East Coast (South),2160,120,266.15,1000,2.3,0,3518,-30.4375,152.6625
310,East Coast (South),East Coast (South),2160,120,263,1000,2.3,1.5707963,1755,-33.4375,151.1625
311,East Coast (South),East Coast (South),2160,120,455.67,2500,1.5,0,462,-28.8375,153.3125
312,East Coast (South),East Coast (South),2160,120,439.51,2500,2.3,0,3104,-28.5375,153.4625
313,East Coast (South),East Coast (South),2160,120,298.91,2500,1.5,0.7853982,740,-28.3375,153.2125
314,East Coast (South),East Coast (South),2160,120,295.29,2500,2.3,2.3561945,775,-34.3875,150.3625
315,East Coast (South),East Coast (South),2160,120,292.29,2500,2.3,0.7853982,2642,-28.3875,153.1625
316,East Coast (South),East Coast (South),2160,120,292.33,2500,1.5,2.3561945,1687,-34.4875,150.5625
317,East Coast (South),East Coast (South),2160,120,284.37,2500,2.3,2.3561945,2682,-30.2875,152.3625
318,East Coast (South),East Coast (South),2160,120,280.31,2500,1.5,0,533,-34.4875,150.7125
319,East Coast (South),East Coast (South),2160,120,272.37,2500,1.5,0.7853982,1182,-34.2875,150.7125
320,East Coast (South),East Coast (South),2160,120,265.55,2500,2.3,0,307,-28.2875,153.2625
321,East Coast (South),East Coast (South),2160,120,397.68,5000,3.6,0,463,-28.8875,153.3125
322,East Coast (South),East Coast (South),2160,120,267.69,5000,1.5,0.7853982,766,-31.8875,152.1125
323,East Coast (South),East Coast (South),2160,120,269.24,5000,1.5,0,2630,-28.4875,153.3125
324,East Coast (South),East Coast (South),2160,120,262.32,5000,1.5,2.3561945,2682,-30.2875,152.3125
325,East Coast (South),East Coast (South),2160,120,253.15,5000,2.3,2.3561945,765,-34.2875,150.3125
326,East Coast (South),East Coast (South),2160,120,252.28,5000,2.3,0,3102,-28.6875,153.3125
327,East Coast (South),East Coast (South),2160,120,235.36,5000,1.5,0.7853982,1687,-34.4875,150.6125
328,East Coast (South),East Coast (South),2160,120,228.82,5000,1.5,0.7853982,1180,-34.0875,150.7125
329,East Coast (South),East Coast (South),2160,120,216.49,5000,1.5,0,907,-28.2875,153.2125
330,East Coast (South),East Coast (South),2160,120,213.58,5000,2.3,0.7853982,1301,-34.1875,150.7125
331,East Coast (South),East Coast (South),2160,120,344.06,10000,2.3,0,463,-29.0875,153.2125
332,East Coast (South),East Coast (South),2160,120,254.93,10000,2.3,0,553,-34.3875,150.4125
333,East Coast (South),East Coast (South),2160,120,228.93,10000,1.5,0,765,-34.1875,150.3125
334,East Coast (South),East Coast (South),2160,120,229.19,10000,2.3,0,9,-29.7875,152.6125
335,East Coast (South),East Coast (South),2160,120,226.41,10000,2.3,0,2063,-30.8875,152.7125
336,East Coast (South),East Coast (South),2160,120,224.44,10000,1.5,2.3561945,56,-34.1875,150.2125
337,East Coast (South),East Coast (South),2160,120,228.38,10000,2.3,0.7853982,3103,-28.8875,153.1125
338,East Coast (South),East Coast (South),2160,120,194.25,10000,1.5,0.7853982,1180,-34.0875,150.7125
339,East Coast (South),East Coast (South),2160,120,194.24,10000,1.5,1.5707963,2630,-28.4875,152.9125
340,East Coast (South),East Coast (South),2160,120,192.74,10000,2.3,0,2033,-29.6875,152.9125
341,East Coast (South),East Coast (South),2160,120,237.18,20000,2.3,0,463,-28.9875,153.0125
342,East Coast (South),East Coast (South),2160,120,180.05,20000,1.5,0.7853982,774,-34.6125,150.0125
343,East Coast (South),East Coast (South),2160,120,175.67,20000,1.5,0,3103,-28.7375,153.0125
344,East Coast (South),East Coast (South),2160,120,168.37,20000,2.3,0,552,-34.1125,150.3875
345,East Coast (South),East Coast (South),2160,120,157.8,20000,2.3,0,2681,-29.7375,152.5125
346,East Coast (South),East Coast (South),2160,120,156.64,20000,2.3,0,2032,-29.6125,152.7625
347,East Coast (South),East Coast (South),2160,120,143.76,20000,1.5,0,1181,-34.2375,150.6375
348,East Coast (South),East Coast (South),2160,120,143.93,20000,2.3,0,72,-34.3625,150.3875
349,East Coast (South),East Coast (South),2160,120,140.97,20000,1.5,2.3561945,2148,-34.8625,149.7625
350,East Coast (South),East Coast (South),2160,120,133.82,20000,2.3,0.7853982,3312,-32.3625,151.7625
351,East Coast (South),East Coast (South),2160,120,161.02,40000,3.6,0.7853982,766,-32.8625,151.2625
352,East Coast (South),East Coast (South),2160,120,120.94,40000,2.3,0,552,-34.1125,150.3875
353,East Coast (South),East Coast (South),2160,120,119.13,40000,2.3,0,906,-28.9875,152.8875
354,East Coast (South),East Coast (South),2160,120,117.32,40000,1.5,0,2683,-29.3625,152.5125
355,East Coast (South),East Coast (South),2160,120,108.17,40000,1.5,0,1516,-34.3625,150.1375
356,East Coast (South),East Coast (South),2160,120,101.5,40000,1.5,2.3561945,2148,-34.8625,149.6375
357,East Coast (South),East Coast (South),2160,120,105.32,40000,3.6,2.3561945,2032,-28.6125,152.0125
358,East Coast (South),East Coast (South),2160,120,100.39,40000,1.5,0.7853982,1183,-34.3625,150.2625
359,East Coast (South),East Coast (South),2160,120,102.71,40000,2.3,0,73,-34.2375,150.2625
360,East Coast (South),East Coast (South),2160,120,96.63,40000,1.5,2.3561945,3312,-32.2375,150.8875
361,East Coast (South),East Coast (South),2880,120,551.659,100,1.5,0,1692,-34.3375,150.8625
362,East Coast (South),East Coast (South),2880,120,468.411,100,1.5,2.356194,3100,-28.5375,153.3375
363,East Coast (South),East Coast (South),2880,120,451.968,100,3.6,2.356194,2628,-28.3875,153.2375
364,East Coast (South),East Coast (South),2880,120,439.818,100,3.6,2.356194,1176,-34.2125,150.8125
365,East Coast (South),East Coast (South),2880,120,373.594,100,3.6,0,2674,-30.3625,152.7125
366,East Coast (South),East Coast (South),2880,120,368.702,100,1.5,1.570796,3310,-33.3125,151.2625
367,East Coast (South),East Coast (South),2880,120,363.52,100,3.6,2.356194,1734,-34.3625,150.8375
368,East Coast (South),East Coast (South),2880,120,363,100,1.5,1.570796,2744,-30.2625,153.0875
369,East Coast (South),East Coast (South),2880,120,350.632,100,1.5,1.570796,1441,-33.3625,151.3625
370,East Coast (South),East Coast (South),2880,120,345.12,100,3.6,2.356194,3394,-28.4375,153.1875
371,East Coast (South),East Coast (South),2880,120,543.233,200,2.3,0,422,-28.3375,153.2625
372,East Coast (South),East Coast (South),2880,120,431.531,200,2.3,0.7853982,736,-28.2375,153.3125
373,East Coast (South),East Coast (South),2880,120,431.03,200,2.3,2.3561945,1176,-34.2125,150.7875
374,East Coast (South),East Coast (South),2880,120,419.513,200,3.6,0,304,-28.3375,153.2875
375,East Coast (South),East Coast (South),2880,120,383.742,200,2.3,2.3561945,1442,-32.8625,151.7875
376,East Coast (South),East Coast (South),2880,120,350.672,200,2.3,0,358,-28.2375,153.2875
377,East Coast (South),East Coast (South),2880,120,348.575,200,1.5,0,3310,-33.3125,151.2625
378,East Coast (South),East Coast (South),2880,120,344.801,200,2.3,2.3561945,3394,-28.4125,153.1625
379,East Coast (South),East Coast (South),2880,120,342.019,200,2.3,2.3561945,1734,-34.3625,150.8125
380,East Coast (South),East Coast (South),2880,120,338.566,200,1.5,0,2744,-30.2375,153.0875
381,East Coast (South),East Coast (South),2880,120,579.072,500,1.5,0.7853982,422,-28.2625,153.2625
382,East Coast (South),East Coast (South),2880,120,488.207,500,2.3,2.3561945,1692,-34.4125,150.7875
383,East Coast (South),East Coast (South),2880,120,469.62,500,1.5,0,2627,-28.2875,153.2625
384,East Coast (South),East Coast (South),2880,120,423.598,500,2.3,0,304,-28.2625,153.2625
385,East Coast (South),East Coast (South),2880,120,409.805,500,1.5,1.5707963,2675,-30.2875,152.6125
386,East Coast (South),East Coast (South),2880,120,400.685,500,2.3,0.7853982,733,-28.2625,153.3625
387,East Coast (South),East Coast (South),2880,120,394.798,500,1.5,2.3561945,1176,-34.2125,150.7875
388,East Coast (South),East Coast (South),2880,120,334.373,500,2.3,2.3561945,1442,-32.8625,151.7625
389,East Coast (South),East Coast (South),2880,120,329.551,500,2.3,2.3561945,3394,-28.4125,153.1875
390,East Coast (South),East Coast (South),2880,120,325.77,500,1.5,0,3310,-33.2875,151.2625
391,East Coast (South),East Coast (South),2880,120,426.81,1000,1.5,2.3561945,2626,-28.2875,153.2625
392,East Coast (South),East Coast (South),2880,120,399.16,1000,2.3,1.5707963,2675,-30.2875,152.5625
393,East Coast (South),East Coast (South),2880,120,384.36,1000,2.3,2.3561945,1689,-34.4875,150.5625
394,East Coast (South),East Coast (South),2880,120,373.81,1000,2.3,0.7853982,734,-28.3375,153.1625
395,East Coast (South),East Coast (South),2880,120,360.76,1000,2.3,2.3561945,109,-28.3375,153.3625
396,East Coast (South),East Coast (South),2880,120,327.98,1000,2.3,2.3561945,1178,-33.7875,150.3625
397,East Coast (South),East Coast (South),2880,120,299.58,1000,1.5,0,1503,-34.5875,150.5625
398,East Coast (South),East Coast (South),2880,120,289.8,1000,2.3,0,3517,-30.4375,152.6625
399,East Coast (South),East Coast (South),2880,120,266.03,1000,2.3,0.7853982,1443,-32.8875,151.7125
400,East Coast (South),East Coast (South),2880,120,271.88,1000,3.6,2.3561945,3311,-33.1875,151.1125
401,East Coast (South),East Coast (South),2880,120,494.94,2500,2.3,0,3101,-28.5375,153.4625
402,East Coast (South),East Coast (South),2880,120,349.32,2500,2.3,0.7853982,2628,-28.3875,153.1625
403,East Coast (South),East Coast (South),2880,120,341.75,2500,1.5,0,773,-34.4375,150.5625
404,East Coast (South),East Coast (South),2880,120,332.24,2500,1.5,0.7853982,732,-28.3375,153.2125
405,East Coast (South),East Coast (South),2880,120,328.12,2500,2.3,2.3561945,55,-34.3375,150.3625
406,East Coast (South),East Coast (South),2880,120,320.24,2500,1.5,2.3561945,1689,-34.4875,150.5625
407,East Coast (South),East Coast (South),2880,120,309.86,2500,2.3,2.3561945,2684,-30.2375,152.3625
408,East Coast (South),East Coast (South),2880,120,310.16,2500,1.5,2.3561945,1173,-33.9875,150.6625
409,East Coast (South),East Coast (South),2880,120,304.07,2500,2.3,2.3561945,304,-28.4875,153.3625
410,East Coast (South),East Coast (South),2880,120,295.75,2500,2.3,0,902,-28.2875,153.2125
411,East Coast (South),East Coast (South),2880,120,313.93,5000,2.3,2.3561945,762,-34.2875,150.3125
412,East Coast (South),East Coast (South),2880,120,296.57,5000,2.3,2.3561945,55,-34.2875,150.3125
413,East Coast (South),East Coast (South),2880,120,289.84,5000,2.3,0.7853982,759,-31.8875,152.1125
414,East Coast (South),East Coast (South),2880,120,288.2,5000,3.6,0.7853982,3099,-28.9875,153.1125
415,East Coast (South),East Coast (South),2880,120,287.69,5000,1.5,2.3561945,2682,-30.2875,152.3125
416,East Coast (South),East Coast (South),2880,120,258.52,5000,1.5,0.7853982,1174,-34.0875,150.7125
417,East Coast (South),East Coast (South),2880,120,249.69,5000,3.6,1.5707963,2626,-28.3875,152.9125
418,East Coast (South),East Coast (South),2880,120,244.94,5000,1.5,0,903,-28.2875,153.2125
419,East Coast (South),East Coast (South),2880,120,242.24,5000,2.3,0,303,-28.6875,153.3125
420,East Coast (South),East Coast (South),2880,120,235.44,5000,2.3,0.7853982,1291,-34.1875,150.7125
421,East Coast (South),East Coast (South),2880,120,329.4,10000,2.3,0,64,-29.8875,152.7125
422,East Coast (South),East Coast (South),2880,120,280.68,10000,1.5,0,762,-34.1875,150.3125
423,East Coast (South),East Coast (South),2880,120,263.37,10000,1.5,2.3561945,55,-34.1875,150.3125
424,East Coast (South),East Coast (South),2880,120,270.63,10000,2.3,0.7853982,3099,-28.8875,153.1125
425,East Coast (South),East Coast (South),2880,120,222.06,10000,1.5,0,1175,-34.1875,150.6125
426,East Coast (South),East Coast (South),2880,120,219.37,10000,2.3,0.7853982,3309,-32.6875,151.6125
427,East Coast (South),East Coast (South),2880,120,217.55,10000,1.5,1.5707963,2630,-28.4875,152.9125
428,East Coast (South),East Coast (South),2880,120,213.65,10000,2.3,0.7853982,908,-30.8875,152.4125
429,East Coast (South),East Coast (South),2880,120,216.59,10000,3.6,0,2677,-29.8875,152.5125
430,East Coast (South),East Coast (South),2880,120,213.08,10000,2.3,0.7853982,731,-28.5875,153.0125
431,East Coast (South),East Coast (South),2880,120,219.88,20000,1.5,0.7853982,766,-34.6125,150.0125
432,East Coast (South),East Coast (South),2880,120,193.52,20000,3.6,0,419,-28.6125,153.0125
433,East Coast (South),East Coast (South),2880,120,196.94,20000,1.5,0.7853982,3099,-28.8625,153.0125
434,East Coast (South),East Coast (South),2880,120,180.43,20000,3.6,0,2683,-29.8625,152.3875
435,East Coast (South),East Coast (South),2880,120,172.45,20000,2.3,0,2027,-29.6125,152.7625
436,East Coast (South),East Coast (South),2880,120,161.77,20000,1.5,0,1178,-34.2375,150.6375
437,East Coast (South),East Coast (South),2880,120,161.9,20000,2.3,0,159,-31.1125,152.2625
438,East Coast (South),East Coast (South),2880,120,161.14,20000,2.3,0,69,-34.3625,150.3875
439,East Coast (South),East Coast (South),2880,120,160.42,20000,2.3,0,2620,-28.8625,153.0125
440,East Coast (South),East Coast (South),2880,120,153.52,20000,2.3,0.7853982,3311,-32.3625,151.7625
441,East Coast (South),East Coast (South),2880,120,186.31,40000,3.6,0.7853982,760,-32.9875,151.1375
442,East Coast (South),East Coast (South),2880,120,140.6,40000,2.3,0,2617,-29.2375,152.8875
443,East Coast (South),East Coast (South),2880,120,140.38,40000,3.6,0,906,-29.8625,152.5125
444,East Coast (South),East Coast (South),2880,120,137.35,40000,1.5,0,2677,-29.3625,152.5125
445,East Coast (South),East Coast (South),2880,120,116.44,40000,1.5,0.7853982,1178,-34.2375,150.3875
446,East Coast (South),East Coast (South),2880,120,112.33,40000,1.5,2.3561945,3308,-32.2375,150.8875
447,East Coast (South),East Coast (South),2880,120,111.22,40000,1.5,2.3561945,2146,-34.8625,149.6375
448,East Coast (South),East Coast (South),2880,120,106.59,40000,3.6,0.7853982,1291,-34.2375,150.6375
449,East Coast (South),East Coast (South),2880,120,103.29,40000,1.5,0.7853982,1506,-34.2375,150.6375
450,East Coast (South),East Coast (South),2880,120,103.88,40000,2.3,0,610,-32.2375,150.2625
451,East Coast (South),East Coast (South),4320,180,610.74,100,1.5,0,1682,-34.3375,150.8625
452,East Coast (South),East Coast (South),4320,180,520.888,100,1.5,0,1284,-34.5625,150.5875
453,East Coast (South),East Coast (South),4320,180,502.281,100,3.6,2.356194,1171,-34.2125,150.8125
454,East Coast (South),East Coast (South),4320,180,420.556,100,3.6,2.356194,3501,-30.4375,152.9375
455,East Coast (South),East Coast (South),4320,180,412.811,100,1.5,1.570796,3309,-33.3125,151.2625
456,East Coast (South),East Coast (South),4320,180,400.6,100,3.6,2.356194,1727,-34.3875,150.8125
457,East Coast (South),East Coast (South),4320,180,376.929,100,1.5,1.570796,1439,-33.9125,151.1625
458,East Coast (South),East Coast (South),4320,180,319.344,100,1.5,1.570796,2246,-33.7375,151.2375
459,East Coast (South),East Coast (South),4320,180,244.553,100,3.6,2.356194,2880,-34.0625,151.1625
460,East Coast (South),East Coast (South),4320,180,243.967,100,3.6,2.356194,3173,-30.2875,153.0375
461,East Coast (South),East Coast (South),4320,180,695.845,200,3.6,0,414,-28.3375,153.2625
462,East Coast (South),East Coast (South),4320,180,583.149,200,2.3,0,469,-28.3125,153.2625
463,East Coast (South),East Coast (South),4320,180,519.457,200,3.6,0,102,-28.3375,153.2625
464,East Coast (South),East Coast (South),4320,180,474.938,200,2.3,1.5707963,1168,-33.7125,150.3375
465,East Coast (South),East Coast (South),4320,180,397.351,200,2.3,0,2012,-28.2375,153.3125
466,East Coast (South),East Coast (South),4320,180,377.979,200,2.3,2.3561945,1727,-34.3625,150.8125
467,East Coast (South),East Coast (South),4320,180,377.329,200,1.5,1.5707963,3393,-28.4625,153.1125
468,East Coast (South),East Coast (South),4320,180,368.471,200,3.6,0,897,-28.3375,153.2375
469,East Coast (South),East Coast (South),4320,180,350.236,200,2.3,2.3561945,1506,-34.4625,150.6375
470,East Coast (South),East Coast (South),4320,180,345.526,200,3.6,0.7853982,2663,-30.3875,152.8875
471,East Coast (South),East Coast (South),4320,180,729.312,500,1.5,0.7853982,414,-28.2625,153.2625
472,East Coast (South),East Coast (South),4320,180,513.67,500,1.5,0,2622,-28.2875,153.2625
473,East Coast (South),East Coast (South),4320,180,477.482,500,2.3,0.7853982,729,-28.2625,153.3625
474,East Coast (South),East Coast (South),4320,180,467.364,500,1.5,1.5707963,2665,-30.2875,152.6375
475,East Coast (South),East Coast (South),4320,180,453.199,500,1.5,2.3561945,1171,-34.2125,150.7875
476,East Coast (South),East Coast (South),4320,180,442.53,500,2.3,2.3561945,2271,-34.3375,150.8125
477,East Coast (South),East Coast (South),4320,180,365.739,500,1.5,0,3309,-33.2875,151.2625
478,East Coast (South),East Coast (South),4320,180,364.811,500,3.6,2.3561945,51,-34.2875,150.7625
479,East Coast (South),East Coast (South),4320,180,346.154,500,3.6,2.3561945,1285,-34.1375,150.9625
480,East Coast (South),East Coast (South),4320,180,342.66,500,3.6,0,1507,-34.5875,150.5875
481,East Coast (South),East Coast (South),4320,180,453.52,1000,3.6,1.5707963,2671,-30.2875,152.5125
482,East Coast (South),East Coast (South),4320,180,444.77,1000,2.3,2.3561945,1681,-34.4875,150.5625
483,East Coast (South),East Coast (South),4320,180,440.61,1000,2.3,0,729,-28.3375,153.4125
484,East Coast (South),East Coast (South),4320,180,448.24,1000,2.3,2.3561945,102,-28.3375,153.3625
485,East Coast (South),East Coast (South),4320,180,412.74,1000,1.5,0.7853982,1286,-34.4875,150.5625
486,East Coast (South),East Coast (South),4320,180,403.73,1000,2.3,1.5707963,1168,-33.7375,150.3625
487,East Coast (South),East Coast (South),4320,180,388.55,1000,3.6,1.5707963,738,-31.6375,152.1625
488,East Coast (South),East Coast (South),4320,180,355.97,1000,2.3,2.3561945,891,-28.2875,153.3125
489,East Coast (South),East Coast (South),4320,180,346.06,1000,2.3,0,3515,-30.4375,152.6625
490,East Coast (South),East Coast (South),4320,180,338.06,1000,2.3,0,1266,-28.4375,153.4625
491,East Coast (South),East Coast (South),4320,180,451.25,2500,2.3,2.3561945,755,-34.3875,150.3625
492,East Coast (South),East Coast (South),4320,180,424.46,2500,1.5,1.5707963,2671,-30.2875,152.5125
493,East Coast (South),East Coast (South),4320,180,403.91,2500,1.5,0.7853982,50,-34.4875,150.5625
494,East Coast (South),East Coast (South),4320,180,390.65,2500,3.6,0.7853982,739,-31.8375,152.0625
495,East Coast (South),East Coast (South),4320,180,384.64,2500,2.3,0.7853982,2617,-28.3875,153.1625
496,East Coast (South),East Coast (South),4320,180,374.05,2500,2.3,0,728,-28.2875,153.3125
497,East Coast (South),East Coast (South),4320,180,357.61,2500,3.6,0.7853982,1683,-34.3375,150.7625
498,East Coast (South),East Coast (South),4320,180,353.52,2500,1.5,0.7853982,1171,-34.2375,150.7125
499,East Coast (South),East Coast (South),4320,180,348.59,2500,2.3,0,898,-31.1875,152.3125
500,East Coast (South),East Coast (South),4320,180,339.33,2500,1.5,0,299,-28.6375,153.4125
501,East Coast (South),East Coast (South),4320,180,363.95,5000,2.3,0.7853982,742,-31.8875,152.0125
502,East Coast (South),East Coast (South),4320,180,368.97,5000,1.5,2.3561945,2671,-30.2875,152.4125
503,East Coast (South),East Coast (South),4320,180,313.61,5000,1.5,0.7853982,1683,-34.4875,150.6125
504,East Coast (South),East Coast (South),4320,180,301.67,5000,3.6,0.7853982,50,-34.3875,150.6125
505,East Coast (South),East Coast (South),4320,180,294.95,5000,1.5,0.7853982,1167,-34.0875,150.7125
506,East Coast (South),East Coast (South),4320,180,288.99,5000,2.3,0,302,-28.6875,153.3125
507,East Coast (South),East Coast (South),4320,180,272.19,5000,1.5,0.7853982,3516,-30.6875,152.4125
508,East Coast (South),East Coast (South),4320,180,278.22,5000,3.6,0.7853982,898,-30.7875,152.5125
509,East Coast (South),East Coast (South),4320,180,266.36,5000,1.5,0.7853982,243,-32.2875,151.6125
510,East Coast (South),East Coast (South),4320,180,267.75,5000,1.5,0,2011,-29.5875,152.9125
511,East Coast (South),East Coast (South),4320,180,341.36,10000,1.5,2.3561945,755,-34.1875,150.3125
512,East Coast (South),East Coast (South),4320,180,302.76,10000,1.5,2.3561945,50,-34.1875,150.3125
513,East Coast (South),East Coast (South),4320,180,292.15,10000,2.3,0,8,-29.7875,152.6125
514,East Coast (South),East Coast (South),4320,180,279.84,10000,2.3,0,899,-31.0875,152.3125
515,East Coast (South),East Coast (South),4320,180,262.95,10000,2.3,0,2673,-29.7875,152.5125
516,East Coast (South),East Coast (South),4320,180,256.3,10000,2.3,0,2011,-29.5875,152.9125
517,East Coast (South),East Coast (South),4320,180,254.37,10000,1.5,0,1170,-34.1875,150.6125
518,East Coast (South),East Coast (South),4320,180,252.06,10000,1.5,1.5707963,2617,-28.4875,152.9125
519,East Coast (South),East Coast (South),4320,180,248.55,10000,2.3,0.7853982,729,-28.5875,153.0125
520,East Coast (South),East Coast (South),4320,180,246.02,10000,1.5,1.5707963,413,-28.1875,153.5125
521,East Coast (South),East Coast (South),4320,180,350.57,20000,2.3,0,467,-29.6125,152.8875
522,East Coast (South),East Coast (South),4320,180,256.6,20000,1.5,0.7853982,748,-34.6125,150.0125
523,East Coast (South),East Coast (South),4320,180,226.42,20000,3.6,0,2672,-30.7375,152.5125
524,East Coast (South),East Coast (South),4320,180,220.98,20000,3.6,0,126,-29.7375,152.6375
525,East Coast (South),East Coast (South),4320,180,200.73,20000,3.6,0,2609,-28.8625,153.0125
526,East Coast (South),East Coast (South),4320,180,185.28,20000,1.5,0,1169,-34.2375,150.6375
527,East Coast (South),East Coast (South),4320,180,180.84,20000,2.3,0,1272,-28.8625,153.0125
528,East Coast (South),East Coast (South),4320,180,163.72,20000,2.3,0.7853982,1282,-34.2375,150.6375
529,East Coast (South),East Coast (South),4320,180,170.1,20000,3.6,0,900,-28.9875,153.0125
530,East Coast (South),East Coast (South),4320,180,168.37,20000,2.3,0,240,-28.8625,153.0125
531,East Coast (South),East Coast (South),4320,180,263.06,40000,2.3,0,467,-28.9875,152.8875
532,East Coast (South),East Coast (South),4320,180,221.33,40000,3.6,0.7853982,748,-32.9875,151.1375
533,East Coast (South),East Coast (South),4320,180,175.91,40000,2.3,0,2616,-28.9875,152.8875
534,East Coast (South),East Coast (South),4320,180,164.08,40000,2.3,0,2676,-29.3625,152.5125
535,East Coast (South),East Coast (South),4320,180,160.09,40000,2.3,2.3561945,2007,-28.4875,152.2625
536,East Coast (South),East Coast (South),4320,180,142.97,40000,3.6,0,240,-28.9875,152.8875
537,East Coast (South),East Coast (South),4320,180,130.75,40000,3.6,0.7853982,1285,-34.2375,150.6375
538,East Coast (South),East Coast (South),4320,180,133.18,40000,2.3,0,1169,-34.1125,150.3875
539,East Coast (South),East Coast (South),4320,180,131.27,40000,2.3,0,606,-32.3625,150.0125
540,East Coast (South),East Coast (South),4320,180,126.67,40000,1.5,2.3561945,3307,-32.2375,150.8875
541,East Coast (South),East Coast (South),5760,180,476.485,100,3.6,2.3561945,3499,-30.4375,152.9375
542,East Coast (South),East Coast (South),5760,180,427.452,100,3.6,2.3561945,3391,-28.4375,153.1875
543,East Coast (South),East Coast (South),5760,180,387.58,100,3.6,0,1496,-34.5875,150.5875
544,East Coast (South),East Coast (South),5760,180,305.363,100,3.6,1.5707963,3174,-30.3125,152.9625
545,East Coast (South),East Coast (South),5760,180,283.043,100,3.6,2.3561945,2877,-34.0625,151.1625
546,East Coast (South),East Coast (South),5760,180,252.006,100,1.5,0,753,-34.0625,151.1375
547,East Coast (South),East Coast (South),5760,180,233.268,100,3.6,1.5707963,3528,-33.6875,150.5125
548,East Coast (South),East Coast (North),5760,180,580.782,100,3.6,0.7853982,2025,-27.4375,152.9625
549,East Coast (South),East Coast (North),5760,180,411.993,100,3.6,2.3561945,410,-27.4375,153.0875
550,East Coast (South),East Coast (North),5760,180,343.911,100,3.6,0,887,-27.5625,153.2375
551,East Coast (South),East Coast (South),5760,180,743.219,200,3.6,0,408,-28.3375,153.2625
552,East Coast (South),East Coast (South),5760,180,682.075,200,2.3,0,458,-28.2875,153.2625
553,East Coast (South),East Coast (South),5760,180,584.719,200,3.6,0,108,-28.3375,153.2625
554,East Coast (South),East Coast (South),5760,180,442.025,200,1.5,1.5707963,3392,-28.4875,153.1125
555,East Coast (South),East Coast (South),5760,180,414.922,200,3.6,0,888,-28.3375,153.2375
556,East Coast (South),East Coast (South),5760,180,406.75,200,2.3,0.7853982,333,-28.2625,153.3125
557,East Coast (South),East Coast (South),5760,180,389.537,200,3.6,0.7853982,2660,-30.3875,152.8875
558,East Coast (South),East Coast (South),5760,180,329.043,200,2.3,0,158,-28.3375,153.2125
559,East Coast (South),East Coast (South),5760,180,323.03,200,2.3,0.7853982,46,-33.6875,151.0875
560,East Coast (South),East Coast (South),5760,180,285.624,200,2.3,1.5707963,3174,-30.3125,152.9875
561,East Coast (South),East Coast (South),5760,180,767.437,500,1.5,0.7853982,403,-28.2625,153.2625
562,East Coast (South),East Coast (South),5760,180,503.566,500,2.3,0.7853982,725,-28.2625,153.3625
563,East Coast (South),East Coast (South),5760,180,486.286,500,2.3,2.3561945,2270,-34.3375,150.8125
564,East Coast (South),East Coast (South),5760,180,413.727,500,2.3,0.7853982,2660,-30.3625,152.8625
565,East Coast (South),East Coast (South),5760,180,411.471,500,1.5,0,3392,-28.4875,153.1125
566,East Coast (South),East Coast (South),5760,180,399.317,500,3.6,2.3561945,45,-34.2875,150.7625
567,East Coast (South),East Coast (South),5760,180,293.331,500,2.3,2.3561945,2608,-28.8625,152.3125
568,East Coast (South),East Coast (South),5760,180,245.789,500,2.3,2.3561945,2877,-34.0625,151.0875
569,East Coast (South),East Coast (South),5760,180,180.906,500,1.5,1.5707963,600,-32.7125,151.0875
570,East Coast (South),East Coast (North),5760,180,639.807,500,2.3,0,106,-28.2125,153.2625
571,East Coast (South),East Coast (South),5760,180,494.84,1000,3.6,1.5707963,2668,-30.2875,152.5125
572,East Coast (South),East Coast (South),5760,180,462.02,1000,2.3,0,726,-28.2875,153.4125
573,East Coast (South),East Coast (South),5760,180,476.67,1000,2.3,2.3561945,93,-28.3375,153.3625
574,East Coast (South),East Coast (South),5760,180,406.29,1000,3.6,0.7853982,1264,-28.9375,153.3125
575,East Coast (South),East Coast (South),5760,180,396.63,1000,2.3,2.3561945,883,-28.2875,153.4125
576,East Coast (South),East Coast (South),5760,180,345.86,1000,1.5,0.7853982,3390,-28.3875,153.1625
577,East Coast (South),East Coast (South),5760,180,341.97,1000,1.5,0.7853982,2016,-28.2875,153.3125
578,East Coast (South),East Coast (South),5760,180,327.97,1000,1.5,2.3561945,334,-28.3375,153.3625
579,East Coast (South),East Coast (South),5760,180,322.3,1000,2.3,1.5707963,2263,-34.3875,150.6625
580,East Coast (South),East Coast (South),5760,180,240.16,1000,3.6,2.3561945,31,-34.4375,150.4125
581,East Coast (South),East Coast (South),5760,180,472.93,2500,1.5,1.570796,2666,-30.2875,152.5125
582,East Coast (South),East Coast (South),5760,180,458.2,2500,2.3,0,107,-28.2875,153.2625
583,East Coast (South),East Coast (South),5760,180,414.37,2500,1.5,0,3500,-30.5375,152.8625
584,East Coast (South),East Coast (South),5760,180,406.69,2500,1.5,0,725,-28.2875,153.3125
585,East Coast (South),East Coast (South),5760,180,409.25,2500,2.3,2.356194,44,-34.3375,150.4125
586,East Coast (South),East Coast (South),5760,180,398.25,2500,1.5,2.356194,1675,-34.4875,150.5625
587,East Coast (South),East Coast (South),5760,180,382.13,2500,3.6,0,1269,-28.9375,153.2625
588,East Coast (South),East Coast (South),5760,180,377.4,2500,2.3,0,890,-31.1875,152.3125
589,East Coast (South),East Coast (South),5760,180,369.03,2500,3.6,2.356194,20,-30.1875,152.6625
590,East Coast (South),East Coast (South),5760,180,324.12,2500,3.6,0,579,-31.1875,152.4125
591,East Coast (South),East Coast (South),5760,180,408.45,5000,1.5,0.7853982,2667,-30.3875,152.4125
592,East Coast (South),East Coast (South),5760,180,376.43,5000,2.3,0.7853982,730,-31.8875,152.0125
593,East Coast (South),East Coast (South),5760,180,353.15,5000,1.5,0.7853982,1264,-28.8875,153.1125
594,East Coast (South),East Coast (South),5760,180,328.13,5000,1.5,0.7853982,1677,-34.4875,150.6125
595,East Coast (South),East Coast (South),5760,180,315.14,5000,3.6,0.7853982,47,-34.3875,150.6125
596,East Coast (South),East Coast (South),5760,180,306.51,5000,3.6,2.3561945,20,-30.0875,152.5125
597,East Coast (South),East Coast (South),5760,180,305.89,5000,1.5,2.3561945,890,-31.1875,152.2125
598,East Coast (South),East Coast (South),5760,180,281.59,5000,1.5,0.7853982,242,-32.2875,151.6125
599,East Coast (South),East Coast (South),5760,180,278.81,5000,3.6,0,2011,-29.6875,152.9125
600,East Coast (South),East Coast (South),5760,180,269.61,5000,3.6,1.5707963,699,-30.2875,152.5125
601,East Coast (South),East Coast (South),5760,180,459.77,10000,2.3,0,460,-28.9875,153.2125
602,East Coast (South),East Coast (South),5760,180,351.16,10000,1.5,0.7853982,730,-31.8875,152.1125
603,East Coast (South),East Coast (South),5760,180,335.66,10000,3.6,0,2662,-30.7875,152.5125
604,East Coast (South),East Coast (South),5760,180,329.36,10000,1.5,2.3561945,44,-34.1875,150.3125
605,East Coast (South),East Coast (South),5760,180,315.05,10000,2.3,0.7853982,3498,-30.7875,152.5125
606,East Coast (South),East Coast (South),5760,180,296.74,10000,2.3,0,892,-31.0875,152.3125
607,East Coast (South),East Coast (South),5760,180,294.81,10000,1.5,0,20,-29.9875,152.8125
608,East Coast (South),East Coast (South),5760,180,277.54,10000,1.5,1.5707963,1264,-28.7875,152.9125
609,East Coast (South),East Coast (South),5760,180,274.01,10000,2.3,0,111,-29.7875,152.6125
610,East Coast (South),East Coast (South),5760,180,271.43,10000,2.3,0.7853982,2603,-28.5875,152.9125
611,East Coast (South),East Coast (South),5760,180,392.91,20000,2.3,0,461,-29.6125,152.8875
612,East Coast (South),East Coast (South),5760,180,289.15,20000,3.6,0,407,-28.6125,153.0125
613,East Coast (South),East Coast (South),5760,180,270.39,20000,3.6,0,2663,-30.8625,152.3875
614,East Coast (South),East Coast (South),5760,180,268.63,20000,1.5,0,752,-34.2375,150.2625
615,East Coast (South),East Coast (South),5760,180,245.74,20000,1.5,0,1267,-28.9875,153.0125
616,East Coast (South),East Coast (South),5760,180,244.43,20000,2.3,0,114,-29.8625,152.5125
617,East Coast (South),East Coast (South),5760,180,221.61,20000,1.5,0.7853982,3497,-30.6125,152.3875
618,East Coast (South),East Coast (South),5760,180,220.43,20000,2.3,0,2013,-29.6125,152.7625
619,East Coast (South),East Coast (South),5760,180,217.47,20000,3.6,0,2609,-28.8625,153.0125
620,East Coast (South),East Coast (South),5760,180,188.52,20000,2.3,0,890,-29.6125,152.8875
621,East Coast (South),East Coast (South),5760,180,293.43,40000,2.3,0,461,-28.9875,152.8875
622,East Coast (South),East Coast (South),5760,180,228.19,40000,3.6,0.7853982,743,-32.9875,151.1375
623,East Coast (South),East Coast (South),5760,180,193.44,40000,1.5,0,1268,-29.3625,152.8875
624,East Coast (South),East Coast (South),5760,180,191.52,40000,2.3,0,890,-28.9875,152.8875
625,East Coast (South),East Coast (South),5760,180,172.6,40000,2.3,0,2669,-29.3625,152.5125
626,East Coast (South),East Coast (South),5760,180,154.68,40000,3.6,0,235,-28.9875,152.8875
627,East Coast (South),East Coast (South),5760,180,135.13,40000,3.6,0.7853982,1275,-34.2375,150.6375
628,East Coast (South),East Coast (South),5760,180,134.67,40000,2.3,0,605,-32.3625,150.0125
629,East Coast (South),East Coast (South),5760,180,127.54,40000,3.6,0.7853982,697,-32.8625,151.3875
630,East Coast (South),East Coast (South),5760,180,125.53,40000,1.5,0.7853982,1679,-34.1125,150.3875
631,East Coast (South),East Coast (South),7200,180,675.567,100,1.5,0,1666,-34.3375,150.8625
632,East Coast (South),East Coast (South),7200,180,541.351,100,3.6,2.3561945,3496,-30.4375,152.9375
633,East Coast (South),East Coast (South),7200,180,479.535,100,3.6,2.3561945,3385,-28.4375,153.1875
634,East Coast (South),East Coast (South),7200,180,333.515,100,3.6,1.5707963,3175,-30.3125,152.9625
635,East Coast (South),East Coast (South),7200,180,311.618,100,3.6,2.3561945,2875,-34.0625,151.1625
636,East Coast (South),East Coast (South),7200,180,260.059,100,3.6,1.5707963,3526,-33.6875,150.5125
637,East Coast (South),East Coast (South),7200,180,258.065,100,3.6,2.3561945,737,-34.0625,151.1625
638,East Coast (South),East Coast (North),7200,180,617.702,100,3.6,0.7853982,2025,-27.4375,152.9625
639,East Coast (South),East Coast (North),7200,180,417.091,100,3.6,2.3561945,404,-27.4375,153.0875
640,East Coast (South),East Coast (North),7200,180,227.975,100,3.6,0.7853982,244,-27.4625,153.1875
641,East Coast (South),East Coast (South),7200,180,744.933,200,3.6,0,401,-28.3375,153.2625
642,East Coast (South),East Coast (South),7200,180,686.358,200,2.3,0,455,-28.2875,153.2625
643,East Coast (South),East Coast (South),7200,180,641.321,200,3.6,0,98,-28.3375,153.2625
644,East Coast (South),East Coast (South),7200,180,546.177,200,2.3,0,2014,-28.2375,153.2875
645,East Coast (South),East Coast (South),7200,180,489.9,200,1.5,1.5707963,3387,-28.4625,153.1125
646,East Coast (South),East Coast (South),7200,180,454.778,200,3.6,0,879,-28.3375,153.3625
647,East Coast (South),East Coast (South),7200,180,451.236,200,2.3,0.7853982,333,-28.2625,153.3125
648,East Coast (South),East Coast (South),7200,180,406.598,200,3.6,0.7853982,2656,-30.3875,152.8875
649,East Coast (South),East Coast (South),7200,180,378.17,200,2.3,0,152,-28.3375,153.2375
650,East Coast (South),East Coast (South),7200,180,310.622,200,2.3,1.5707963,3172,-30.3125,152.9875
651,East Coast (South),East Coast (South),7200,180,609.271,500,2.3,2.3561945,97,-28.2875,153.1875
652,East Coast (South),East Coast (South),7200,180,524.992,500,2.3,0.7853982,724,-28.2625,153.3625
653,East Coast (South),East Coast (South),7200,180,455.72,500,1.5,0,3387,-28.4875,153.1375
654,East Coast (South),East Coast (South),7200,180,430.566,500,2.3,0,876,-28.5625,153.4375
655,East Coast (South),East Coast (South),7200,180,429.463,500,2.3,0.7853982,2656,-30.3625,152.8625
656,East Coast (South),East Coast (South),7200,180,424.392,500,3.6,2.3561945,41,-34.2875,150.7625
657,East Coast (South),East Coast (South),7200,180,305.122,500,2.3,2.3561945,2600,-28.8625,152.3125
658,East Coast (South),East Coast (South),7200,180,278.229,500,2.3,2.3561945,2875,-34.0375,151.0875
659,East Coast (South),East Coast (South),7200,180,241.758,500,3.6,1.5707963,578,-30.7375,152.0625
660,East Coast (South),East Coast (North),7200,180,661.916,500,2.3,0,400,-26.6625,152.9125
661,East Coast (South),East Coast (South),7200,180,584.9,1000,2.3,0,86,-28.2875,153.2625
662,East Coast (South),East Coast (South),7200,180,581.04,1000,2.3,1.5707963,2659,-30.2875,152.5625
663,East Coast (South),East Coast (South),7200,180,488.72,1000,2.3,0,724,-28.2875,153.4125
664,East Coast (South),East Coast (South),7200,180,427.02,1000,1.5,0.7853982,3386,-28.4375,153.1625
665,East Coast (South),East Coast (South),7200,180,428.65,1000,2.3,2.3561945,874,-28.2875,153.4125
666,East Coast (South),East Coast (South),7200,180,365.59,1000,1.5,2.3561945,334,-28.3375,153.3625
667,East Coast (South),East Coast (South),7200,180,263.45,1000,2.3,0,3175,-30.1375,153.0125
668,East Coast (South),East Coast (South),7200,180,258.82,1000,2.3,0.7853982,2878,-34.0875,151.0625
669,East Coast (South),East Coast (South),7200,180,243.9,1000,3.6,2.3561945,29,-34.4375,150.4125
670,East Coast (South),East Coast (North),7200,180,551.55,1000,1.5,2.3561945,2024,-27.8875,153.1625
671,East Coast (South),East Coast (South),7200,180,445.84,2500,2.3,0,3493,-30.4375,152.8625
672,East Coast (South),East Coast (South),7200,180,422.57,2500,2.3,2.356194,42,-34.3375,150.4125
673,East Coast (South),East Coast (South),7200,180,417.41,2500,1.5,0,722,-28.2875,153.3125
674,East Coast (South),East Coast (South),7200,180,408.67,2500,2.3,2.356194,2655,-30.2875,152.6625
675,East Coast (South),East Coast (South),7200,180,396.46,2500,3.6,0,1260,-28.9375,153.2625
676,East Coast (South),East Coast (South),7200,180,393.06,2500,2.3,0,882,-31.1875,152.3125
677,East Coast (South),East Coast (South),7200,180,387.71,2500,3.6,2.356194,19,-30.1875,152.6625
678,East Coast (South),East Coast (South),7200,180,359.93,2500,1.5,0,2026,-29.7875,152.8125
679,East Coast (South),East Coast (South),7200,180,336.42,2500,2.3,1.570796,3388,-28.4875,152.9625
680,East Coast (South),East Coast (South),7200,180,328.7,2500,3.6,0,573,-31.1875,152.4125
681,East Coast (South),East Coast (South),7200,180,421.78,5000,1.5,0.7853982,2664,-30.3875,152.4125
682,East Coast (South),East Coast (South),7200,180,385.46,5000,1.5,0,877,-28.4875,153.3125
683,East Coast (South),East Coast (South),7200,180,359.95,5000,1.5,0.7853982,1262,-28.8875,153.1125
684,East Coast (South),East Coast (South),7200,180,352.7,5000,1.5,0,38,-34.2875,150.5125
685,East Coast (South),East Coast (South),7200,180,346.57,5000,1.5,0,2026,-29.6875,152.8125
686,East Coast (South),East Coast (South),7200,180,322.92,5000,3.6,2.3561945,18,-30.0875,152.5125
687,East Coast (South),East Coast (South),7200,180,316.22,5000,3.6,0,698,-30.1875,152.9125
688,East Coast (South),East Coast (South),7200,180,293.57,5000,1.5,0.7853982,241,-32.2875,151.6125
689,East Coast (South),East Coast (South),7200,180,285.28,5000,2.3,0.7853982,3389,-28.6875,152.9125
690,East Coast (South),East Coast (South),7200,180,277.82,5000,1.5,0.7853982,577,-31.0875,152.3125
691,East Coast (South),East Coast (South),7200,180,365.79,10000,3.6,0,2661,-30.7875,152.5125
692,East Coast (South),East Coast (South),7200,180,356.64,10000,2.3,0.7853982,3495,-30.7875,152.5125
693,East Coast (South),East Coast (South),7200,180,340.38,10000,1.5,2.3561945,43,-34.1875,150.3125
694,East Coast (South),East Coast (South),7200,180,324.8,10000,1.5,0,2026,-29.6875,152.8125
695,East Coast (South),East Coast (South),7200,180,313.04,10000,2.3,2.3561945,7,-30.0875,152.5125
696,East Coast (South),East Coast (South),7200,180,309.34,10000,2.3,0,883,-31.0875,152.3125
697,East Coast (South),East Coast (South),7200,180,309.17,10000,1.5,0,18,-29.9875,152.8125
698,East Coast (South),East Coast (South),7200,180,297.19,10000,2.3,0,105,-29.7875,152.6125
699,East Coast (South),East Coast (South),7200,180,286.38,10000,2.3,0.7853982,2598,-28.5875,152.9125
700,East Coast (South),East Coast (South),7200,180,285.27,10000,1.5,1.5707963,1262,-28.7875,152.9125
701,East Coast (South),East Coast (South),7200,180,395.91,20000,2.3,0,454,-29.6125,152.8875
702,East Coast (South),East Coast (South),7200,180,311.64,20000,2.3,0,2660,-30.7375,152.5125
703,East Coast (South),East Coast (South),7200,180,274.98,20000,2.3,0,2027,-29.6125,152.7625
704,East Coast (South),East Coast (South),7200,180,271.06,20000,2.3,0,1261,-29.1125,153.0125
705,East Coast (South),East Coast (South),7200,180,254.78,20000,2.3,0,104,-29.8625,152.5125
706,East Coast (South),East Coast (South),7200,180,243.8,20000,1.5,0.7853982,3493,-30.6125,152.3875
707,East Coast (South),East Coast (South),7200,180,234.72,20000,2.3,0,884,-28.8625,153.0125
708,East Coast (South),East Coast (South),7200,180,226.42,20000,2.3,0,696,-30.8625,152.6375
709,East Coast (South),East Coast (South),7200,180,221.14,20000,3.6,0,2599,-28.8625,153.0125
710,East Coast (South),East Coast (South),7200,180,191.03,20000,1.5,0,1669,-34.2375,150.6375
711,East Coast (South),East Coast (South),7200,180,296.46,40000,2.3,0,456,-28.9875,152.8875
712,East Coast (South),East Coast (South),7200,180,205.66,40000,2.3,0,881,-28.9875,152.8875
713,East Coast (South),East Coast (South),7200,180,204.81,40000,1.5,0,1261,-29.3625,152.8875
714,East Coast (South),East Coast (South),7200,180,151.16,40000,3.6,0.7853982,696,-32.8625,151.3875
715,East Coast (South),East Coast (South),7200,180,142.75,40000,1.5,0.7853982,1664,-34.1125,150.3875
716,East Coast (South),East Coast (South),7200,180,94.07,40000,1.5,1.5707963,2264,-34.8625,149.6375
717,East Coast (South),East Coast (South),7200,180,89.75,40000,2.3,1.5707963,326,-32.9875,150.1375
718,East Coast (South),East Coast (North),7200,180,285.1,40000,2.3,0,402,-26.4875,152.6375
719,East Coast (South),East Coast (North),7200,180,254.82,40000,1.5,0,2022,-28.2375,152.7625
720,East Coast (South),East Coast (North),7200,180,158.23,40000,3.6,2.3561945,1412,-25.4875,151.7625
721,East Coast (South),East Coast (South),8640,180,721.499,100,1.5,0,1658,-34.3375,150.8625
722,East Coast (South),East Coast (South),8640,180,512.308,100,3.6,2.3561945,3384,-28.4375,153.1875
723,East Coast (South),East Coast (South),8640,180,338.999,100,3.6,1.5707963,3171,-30.3125,152.9625
724,East Coast (South),East Coast (South),8640,180,312.826,100,3.6,2.3561945,2871,-34.0625,151.1625
725,East Coast (South),East Coast (South),8640,180,276.877,100,3.6,1.5707963,3524,-33.6875,150.5125
726,East Coast (South),Southern Slopes (Tasmania),8640,180,215.556,100,1.5,1.5707963,2799,-41.8875,145.6125
727,East Coast (South),Southern Slopes (Tasmania),8640,180,212.582,100,1.5,1.5707963,3123,-41.8875,145.5875
728,East Coast (South),Southern Slopes (Tasmania),8640,180,204.763,100,1.5,2.3561945,2796,-41.9125,145.5875
729,East Coast (South),S-SW Flatlands (West),8640,180,198.061,100,1.5,0,805,-31.9625,116.1875
730,East Coast (South),Wet Tropics,8640,180,731.312,100,3.6,0.7853982,2764,-19.1375,146.4625
731,East Coast (South),East Coast (South),8640,180,677.568,200,3.6,0,90,-28.3375,153.2625
732,East Coast (South),East Coast (South),8640,180,526.545,200,1.5,1.5707963,3384,-28.4875,153.1125
733,East Coast (South),East Coast (South),8640,180,488.918,200,3.6,0,870,-28.3375,153.3625
734,East Coast (South),East Coast (South),8640,180,466.618,200,2.3,0.7853982,331,-28.2875,153.3125
735,East Coast (South),East Coast (South),8640,180,386.383,200,2.3,0,141,-28.3375,153.2375
736,East Coast (South),East Coast (South),8640,180,316.578,200,2.3,1.5707963,3169,-30.3125,152.9875
737,East Coast (South),East Coast (South),8640,180,304.505,200,2.3,2.3561945,2871,-34.1125,151.0375
738,East Coast (South),East Coast (South),8640,180,280.491,200,3.6,1.5707963,3524,-33.6875,150.4875
739,East Coast (South),East Coast (North),8640,180,780.766,200,2.3,0,2009,-27.9375,153.1875
740,East Coast (South),East Coast (North),8640,180,638.876,200,2.3,0,270,-28.1875,153.2625
741,East Coast (South),East Coast (South),8640,180,675.487,500,2.3,2.3561945,1658,-34.4625,150.7375
742,East Coast (South),East Coast (South),8640,180,648.7,500,2.3,2.3561945,88,-28.2625,153.1875
743,East Coast (South),East Coast (South),8640,180,587.489,500,2.3,0,2009,-28.2375,153.3125
744,East Coast (South),East Coast (South),8640,180,490.491,500,1.5,0,3384,-28.4875,153.1375
745,East Coast (South),East Coast (South),8640,180,469.241,500,2.3,0,871,-28.5375,153.4375
746,East Coast (South),East Coast (South),8640,180,437.882,500,3.6,2.3561945,37,-34.2875,150.7625
747,East Coast (South),East Coast (South),8640,180,311.687,500,2.3,2.3561945,2597,-28.8625,152.3125
748,East Coast (South),East Coast (South),8640,180,280.873,500,2.3,2.3561945,2871,-34.0625,151.0625
749,East Coast (South),East Coast (South),8640,180,255.287,500,3.6,1.5707963,576,-30.7375,152.0625
750,East Coast (South),East Coast (North),8640,180,712.882,500,2.3,0.7853982,141,-26.6125,152.7625
751,East Coast (South),East Coast (South),8640,180,610.1,1000,2.3,0,80,-28.2875,153.2625
752,East Coast (South),East Coast (South),8640,180,504.97,1000,3.6,2.3561945,1660,-34.4875,150.5625
753,East Coast (South),East Coast (South),8640,180,458.53,1000,2.3,0.7853982,3384,-28.4375,153.1625
754,East Coast (South),East Coast (South),8640,180,448.47,1000,2.3,2.3561945,864,-28.2875,153.4125
755,East Coast (South),East Coast (South),8640,180,388.93,1000,1.5,2.3561945,332,-28.3375,153.3625
756,East Coast (South),East Coast (South),8640,180,372.5,1000,1.5,1.5707963,2000,-28.2875,153.4125
757,East Coast (South),East Coast (South),8640,180,270.28,1000,2.3,0,3170,-30.1375,153.0125
758,East Coast (South),East Coast (South),8640,180,225.29,1000,3.6,1.5707963,589,-28.8375,153.2625
759,East Coast (South),Southern Slopes (mainland),8640,180,239.31,1000,3.6,0.7853982,2870,-34.8375,150.6125
760,East Coast (South),Southern Slopes (mainland),8640,180,140.03,1000,3.6,0,702,-38.1375,146.2125
761,East Coast (South),East Coast (South),8640,180,402.68,2500,2.3,0,865,-28.5375,153.4625
762,East Coast (South),East Coast (South),8640,180,393.15,2500,3.6,2.356194,14,-30.1875,152.6625
763,East Coast (South),East Coast (South),8640,180,372.62,2500,3.6,0,574,-31.1875,152.4125
764,East Coast (South),East Coast (South),8640,180,365.6,2500,2.3,1.570796,3384,-28.4875,152.9625
765,East Coast (South),East Coast (South),8640,180,298.27,2500,1.5,2.356194,330,-28.3375,153.3625
766,East Coast (South),East Coast (South),8640,180,250.23,2500,3.6,0,3167,-29.9375,153.0125
767,East Coast (South),East Coast (North),8640,180,1161.17,2500,2.3,2.356194,1540,-21.5375,149.1625
768,East Coast (South),East Coast (North),8640,180,590.25,2500,2.3,0,135,-26.4875,152.7125
769,East Coast (South),East Coast (North),8640,180,522.67,2500,1.5,0,2007,-27.5375,152.9625
770,East Coast (South),East Coast (North),8640,180,507.05,2500,2.3,0,81,-28.0875,153.2625
771,East Coast (South),East Coast (South),8640,180,410.98,5000,1.5,0,868,-28.4875,153.3125
772,East Coast (South),East Coast (South),8640,180,375.08,5000,3.6,0,1259,-29.0875,153.2125
773,East Coast (South),East Coast (South),8640,180,332.01,5000,1.5,0,575,-31.0875,152.4125
774,East Coast (South),East Coast (South),8640,180,330.02,5000,3.6,0,1659,-34.0875,150.7125
775,East Coast (South),East Coast (South),8640,180,312.05,5000,2.3,0.7853982,3384,-28.6875,152.9125
776,East Coast (South),East Coast (South),8640,180,289.61,5000,2.3,0.7853982,389,-30.4875,152.5125
777,East Coast (South),East Coast (South),8640,180,290.1,5000,3.6,1.5707963,694,-30.2875,152.5125
778,East Coast (South),East Coast (South),8640,180,209.16,5000,1.5,0.7853982,3527,-33.8875,150.2125
779,East Coast (South),East Coast (South),8640,180,201.06,5000,1.5,0.7853982,589,-28.8875,153.1125
780,East Coast (South),East Coast (North),8640,180,1084.11,5000,3.6,0,1538,-21.5875,149.0125
781,East Coast (South),East Coast (South),8640,180,373.55,10000,3.6,0,2658,-30.7875,152.5125
782,East Coast (South),East Coast (South),8640,180,364.14,10000,1.5,0,2008,-29.5875,152.8125
783,East Coast (South),East Coast (South),8640,180,346,10000,1.5,2.3561945,39,-34.1875,150.3125
784,East Coast (South),East Coast (South),8640,180,296.38,10000,2.3,0.7853982,2596,-28.5875,152.9125
785,East Coast (South),East Coast (South),8640,180,296.53,10000,1.5,0,1659,-34.1875,150.6125
786,East Coast (South),East Coast (South),8640,180,278.53,10000,2.3,0.7853982,3384,-28.5875,152.9125
787,East Coast (South),East Coast (South),8640,180,279.38,10000,1.5,0,575,-31.1875,152.3125
788,East Coast (South),East Coast (South),8640,180,253.52,10000,3.6,0.7853982,388,-30.6875,152.4125
789,East Coast (South),East Coast (South),8640,180,199.46,10000,3.6,0,3168,-29.5875,152.9125
790,East Coast (South),East Coast (North),8640,180,988.7,10000,2.3,0,1538,-21.6875,149.0125
791,East Coast (South),East Coast (South),8640,180,319.36,20000,2.3,0,2657,-30.7375,152.5125
792,East Coast (South),East Coast (South),8640,180,270.8,20000,3.6,0,867,-28.7375,153.1375
793,East Coast (South),East Coast (South),8640,180,247.4,20000,3.6,0.7853982,3494,-30.9875,152.2625
794,East Coast (South),East Coast (South),8640,180,235.58,20000,2.3,0,695,-30.8625,152.6375
795,East Coast (South),East Coast (South),8640,180,206.19,20000,1.5,0,1659,-34.2375,150.6375
796,East Coast (South),East Coast (South),8640,180,202.42,20000,1.5,0,386,-30.9875,152.2625
797,East Coast (South),East Coast (South),8640,180,168.65,20000,3.6,0,3166,-29.6125,152.8875
798,East Coast (South),East Coast (South),8640,180,127.69,20000,1.5,0.7853982,3525,-34.1125,150.3875
799,East Coast (South),East Coast (North),8640,180,359.6,20000,1.5,0,1602,-21.6125,148.8875
800,East Coast (South),East Coast (North),8640,180,338.29,20000,2.3,0,150,-26.4875,152.6375
801,East Coast (South),East Coast (South),8640,180,212.82,40000,2.3,0,873,-28.8625,152.8875
802,East Coast (South),East Coast (South),8640,180,156.66,40000,3.6,0.7853982,695,-32.8625,151.3875
803,East Coast (South),East Coast (South),8640,180,145.91,40000,1.5,0.7853982,1667,-34.1125,150.3875
804,East Coast (South),East Coast (North),8640,180,292.5,40000,1.5,0,2007,-28.2375,152.7625
805,East Coast (South),East Coast (North),8640,180,204.53,40000,2.3,0,1261,-28.1125,152.8875
806,East Coast (South),Central Slopes,8640,180,196.43,40000,3.6,0.7853982,142,-27.3625,151.8875
807,East Coast (South),Wet Tropics,8640,180,326.45,40000,1.5,2.3561945,3230,-19.6125,146.3875
808,East Coast (South),Wet Tropics,8640,180,308.61,40000,3.6,2.3561945,1452,-19.3625,146.5125
809,East Coast (South),Monsoonal North,8640,180,278.06,40000,3.6,1.5707963,2756,-19.4875,145.7625
810,East Coast (South),Monsoonal North,8640,180,233.62,40000,1.5,2.3561945,2194,-18.9875,145.7625
811,East Coast (South),East Coast (South),10080,180,523.634,100,1.5,0.7853982,3383,-28.4875,153.1875
812,East Coast (South),East Coast (South),10080,180,393.546,100,3.6,0.7853982,36,-33.7625,151.1875
813,East Coast (South),East Coast (South),10080,180,278.55,100,3.6,1.5707963,3523,-33.6875,150.5125
814,East Coast (South),Southern Slopes (Tasmania),10080,180,246.439,100,1.5,2.3561945,2798,-41.8875,145.5875
815,East Coast (South),Southern Slopes (Tasmania),10080,180,238.14,100,1.5,1.5707963,3122,-41.8875,145.5875
816,East Coast (South),S-SW Flatlands (West),10080,180,242.26,100,1.5,0,804,-31.9875,116.1875
817,East Coast (South),Wet Tropics,10080,180,750.103,100,3.6,0.7853982,2754,-19.1375,146.4625
818,East Coast (South),Wet Tropics,10080,180,705.771,100,3.6,0,3245,-17.7875,145.9125
819,East Coast (South),Wet Tropics,10080,180,666.883,100,1.5,1.5707963,2473,-17.8625,145.6625
820,East Coast (South),Monsoonal North,10080,180,371.69,100,1.5,1.5707963,2835,-12.3875,130.9125
821,East Coast (South),East Coast (South),10080,180,725.477,200,3.6,0,83,-28.3375,153.2625
822,East Coast (South),East Coast (South),10080,180,534.995,200,2.3,0.7853982,3383,-28.4875,153.1125
823,East Coast (South),East Coast (South),10080,180,503.577,200,3.6,0,860,-28.3375,153.3625
824,East Coast (South),East Coast (South),10080,180,389.593,200,2.3,0.7853982,36,-33.7625,151.1625
825,East Coast (South),East Coast (South),10080,180,282.3,200,3.6,1.5707963,3522,-33.6875,150.4875
826,East Coast (South),East Coast (North),10080,180,607.77,200,2.3,0,339,-26.6875,152.8875
827,East Coast (South),Southern Slopes (Tasmania),10080,180,224.876,200,2.3,2.3561945,2797,-41.9125,145.5875
828,East Coast (South),S-SW Flatlands (West),10080,180,233.914,200,1.5,0,804,-31.9875,116.2125
829,East Coast (South),Wet Tropics,10080,180,1559.754,200,2.3,2.3561945,1548,-20.9875,148.6375
830,East Coast (South),Wet Tropics,10080,180,799.634,200,3.6,0.7853982,3220,-19.0625,146.4125
831,East Coast (South),East Coast (South),10080,180,692.927,500,2.3,2.3561945,82,-28.2625,153.1875
832,East Coast (South),East Coast (South),10080,180,599.772,500,2.3,0,2001,-28.2375,153.3125
833,East Coast (South),East Coast (South),10080,180,499.994,500,1.5,0,3383,-28.4875,153.1375
834,East Coast (South),East Coast (South),10080,180,492.617,500,2.3,0,861,-28.6625,153.4625
835,East Coast (South),East Coast (South),10080,180,448.655,500,3.6,2.3561945,35,-34.2875,150.7625
836,East Coast (South),East Coast (South),10080,180,316.243,500,2.3,2.3561945,2595,-28.8625,152.3125
837,East Coast (South),East Coast (North),10080,180,732.999,500,2.3,0.7853982,139,-26.6125,152.7625
838,East Coast (South),East Coast (North),10080,180,586.698,500,2.3,0,339,-26.6125,152.8875
839,East Coast (South),S-SW Flatlands (West),10080,180,140.755,500,2.3,0.7853982,1150,-28.5375,114.7125
840,East Coast (South),Wet Tropics,10080,180,1488.246,500,2.3,2.3561945,1548,-20.9875,148.6625
841,East Coast (South),East Coast (South),10080,180,462.19,1000,2.3,2.3561945,3383,-28.5375,153.1625
842,East Coast (South),East Coast (South),10080,180,468.54,1000,2.3,2.3561945,858,-28.2875,153.4125
843,East Coast (South),East Coast (North),10080,180,668.88,1000,2.3,0,84,-28.0875,153.2625
844,East Coast (South),East Coast (North),10080,180,608.13,1000,2.3,0,2003,-27.8875,153.1625
845,East Coast (South),Wet Tropics,10080,180,1423.05,1000,2.3,1.5707963,1548,-20.9875,148.7625
846,East Coast (South),Wet Tropics,10080,180,944.79,1000,2.3,0,3220,-18.8875,146.1625
847,East Coast (South),Wet Tropics,10080,180,588.16,1000,1.5,0,2474,-17.7875,145.8125
848,East Coast (South),Wet Tropics,10080,180,456.59,1000,3.6,2.3561945,397,-21.0875,148.7125
849,East Coast (South),Monsoonal North,10080,180,496.15,1000,3.6,0,3409,-20.9375,148.6125
850,East Coast (South),Monsoonal North,10080,180,308.38,1000,1.5,0.7853982,2911,-13.1375,130.9625
851,East Coast (South),East Coast (South),10080,180,520.12,2500,2.3,0,94,-28.2875,153.2625
852,East Coast (South),East Coast (South),10080,180,455.42,2500,2.3,0,859,-28.5375,153.4625
853,East Coast (South),East Coast (South),10080,180,439.86,2500,2.3,2.356194,35,-34.3375,150.4125
854,East Coast (South),East Coast (South),10080,180,373.53,2500,2.3,1.570796,3383,-28.4875,152.9625
855,East Coast (South),East Coast (South),10080,180,305.98,2500,1.5,2.356194,329,-28.3375,153.3625
856,East Coast (South),East Coast (North),10080,180,1190.93,2500,3.6,2.356194,1568,-21.3875,148.9625
857,East Coast (South),East Coast (North),10080,180,627.2,2500,2.3,0,142,-26.5875,152.7625
858,East Coast (South),East Coast (North),10080,180,524.18,2500,1.5,0,2000,-27.5375,152.9625
859,East Coast (South),East Coast (North),10080,180,470.27,2500,1.5,2.356194,341,-26.4375,152.7625
860,East Coast (South),Southern Slopes (Tasmania),10080,180,165.67,2500,3.6,2.356194,3519,-42.5375,145.7625
861,East Coast (South),East Coast (South),10080,180,428.92,5000,1.5,0,862,-28.4875,153.3125
862,East Coast (South),East Coast (South),10080,180,315.75,5000,2.3,0.7853982,3382,-28.6875,152.9125
863,East Coast (South),East Coast (North),10080,180,1215.52,5000,3.6,0,1565,-21.5875,149.0125
864,East Coast (South),East Coast (North),10080,180,445.09,5000,2.3,2.3561945,2004,-27.5875,152.9125
865,East Coast (South),East Coast (North),10080,180,365.34,5000,3.6,0.7853982,3446,-21.3875,148.4125
866,East Coast (South),East Coast (North),10080,180,329.57,5000,3.6,1.5707963,82,-28.2875,152.9125
867,East Coast (South),Wet Tropics,10080,180,645.63,5000,1.5,2.3561945,3220,-19.0875,146.0125
868,East Coast (South),Wet Tropics,10080,180,537.48,5000,1.5,0,2754,-18.9875,146.1125
869,East Coast (South),Wet Tropics,10080,180,497.01,5000,3.6,2.3561945,1002,-18.9875,146.0125
870,East Coast (South),Wet Tropics,10080,180,469.03,5000,3.6,0,1599,-18.2875,145.9125
871,East Coast (South),East Coast (South),10080,180,366.5,10000,1.5,0,1997,-29.5875,152.8125
872,East Coast (South),East Coast (South),10080,180,346.29,10000,3.6,0,866,-28.5875,153.2125
873,East Coast (South),East Coast (South),10080,180,283.48,10000,2.3,0.7853982,3383,-28.5875,152.9125
874,East Coast (South),East Coast (South),10080,180,262.05,10000,3.6,0.7853982,385,-30.6875,152.4125
875,East Coast (South),East Coast (North),10080,180,1117.18,10000,2.3,0,1565,-21.6875,149.0125
876,East Coast (South),East Coast (North),10080,180,476.33,10000,1.5,2.3561945,137,-26.6875,152.7125
877,East Coast (South),East Coast (North),10080,180,388.84,10000,1.5,0.7853982,2004,-27.6875,152.6125
878,East Coast (South),East Coast (North),10080,180,358.92,10000,2.3,0.7853982,3440,-21.3875,148.5125
879,East Coast (South),Wet Tropics,10080,180,572.82,10000,1.5,0,3220,-18.9875,146.0125
880,East Coast (South),Wet Tropics,10080,180,481.21,10000,2.3,0,1592,-18.2875,145.9125
881,East Coast (South),East Coast (South),10080,180,312.03,20000,2.3,0,1997,-29.6125,152.7625
882,East Coast (South),East Coast (South),10080,180,240.11,20000,1.5,0,863,-28.8625,153.0125
883,East Coast (South),East Coast (North),10080,180,874.31,20000,2.3,2.3561945,1541,-21.7375,149.1375
884,East Coast (South),East Coast (North),10080,180,378.45,20000,2.3,0,136,-26.4875,152.6375
885,East Coast (South),Central Slopes,10080,180,247.3,20000,3.6,0.7853982,1999,-28.1125,152.2625
886,East Coast (South),Wet Tropics,10080,180,396.11,20000,3.6,2.3561945,3219,-19.4875,146.6375
887,East Coast (South),Wet Tropics,10080,180,394.2,20000,3.6,2.3561945,2755,-19.4875,146.6375
888,East Coast (South),Wet Tropics,10080,180,294.29,20000,3.6,0,1585,-18.8625,145.8875
889,East Coast (South),Wet Tropics,10080,180,168.62,20000,3.6,2.3561945,1234,-17.6125,145.1375
890,East Coast (South),Monsoonal North,10080,180,344.74,20000,2.3,2.3561945,2187,-18.9875,146.0125
891,East Coast (South),East Coast (North),10080,180,295.14,40000,1.5,0,2006,-28.2375,152.7625
